epoch,elapsed_s,cpu_used_pct,load1,load5,load15,mem_used_mb,mem_avail_mb,swap_used_mb,nproc_zephyr,rss_zephyr_mb,open_fds,gw_cpu_millicores,gw_mem_mi
1781951960.864,0.5,1.94,3.28,22.21,49.76,7529.2,119379.1,0.3,0,0.0,5024,3,2
1781951963.865,3.5,3.15,3.02,21.84,49.5,7556.1,119352.2,0.3,0,0.0,4960,3,2
1781951966.865,6.5,2.5,2.86,21.49,49.24,7565.5,119342.8,0.3,0,0.0,4896,3,2
1781951969.865,9.5,7.56,2.86,21.49,49.24,7612.8,119295.5,0.3,0,0.0,4960,3,2
1781951972.865,12.5,12.71,3.03,21.22,49.0,7917.0,118991.2,0.3,0,0.0,4832,3,2
1781951975.865,15.5,13.85,3.03,21.22,49.0,7931.9,118976.4,0.3,0,0.0,4896,3,2
1781951978.865,18.5,12.28,3.19,20.95,48.76,8101.6,118806.6,0.3,0,0.0,4896,3,2
1781951981.865,21.5,9.44,4.05,20.83,48.57,8167.1,118736.1,0.3,0,0.0,4960,3,2
1781951984.865,24.5,11.35,4.05,20.83,48.57,8151.5,118751.3,0.3,0,0.0,5024,1,2
1781951987.865,27.5,13.22,4.21,20.59,48.35,8182.3,118721.4,0.3,0,0.0,5024,1,2
1781951990.866,30.5,12.53,4.21,20.59,48.35,8176.0,118727.9,0.3,0,0.0,5216,1,2
1781951993.866,33.5,12.58,4.59,20.39,48.13,8226.0,118677.7,0.3,0,0.0,5216,1,2
1781951996.866,36.5,12.35,4.63,20.14,47.9,8166.3,118737.2,0.3,0,0.0,5152,1,3
1781951999.866,39.5,13.19,4.63,20.14,47.9,8176.7,118727.9,0.3,0,0.0,5216,1,3
1781952002.866,42.5,13.31,4.82,19.92,47.68,8206.0,118696.9,0.3,0,0.0,5280,1,3
1781952005.866,45.5,12.49,4.82,19.92,47.68,8181.0,118723.3,0.3,0,0.0,5408,1,3
1781952008.866,48.5,13.04,5.23,19.75,47.48,8248.7,118654.2,0.3,0,0.0,5408,1,3
1781952011.866,51.5,15.38,5.85,19.64,47.29,8163.4,118739.7,0.3,0,0.0,5344,1,3
1781952014.866,54.5,14.59,5.85,19.64,47.29,8216.9,118687.3,0.3,0,0.0,5280,1,3
1781952017.867,57.5,15.6,6.83,19.61,47.14,8204.5,118698.6,0.3,0,0.0,5280,1,3
1781952020.867,60.5,14.6,6.83,19.61,47.14,8261.1,118642.4,0.3,0,0.0,5408,1,3
1781952023.867,63.5,15.57,9.32,19.92,47.09,8157.7,118746.4,0.3,0,0.0,5536,1,3
1781952026.867,66.5,14.65,10.34,19.95,46.95,8103.3,118800.7,0.3,0,0.0,5600,1,3
1781952029.867,69.5,15.62,10.34,19.95,46.95,8080.1,118823.9,0.3,0,0.0,5536,1,3
1781952032.867,72.5,16.72,10.39,19.81,46.76,8253.7,118649.8,0.3,0,0.0,5536,1,5
1781952035.867,75.5,15.71,10.39,19.81,46.76,8203.9,118699.7,0.3,0,0.0,5472,1,5
1781952038.867,78.5,16.49,10.28,19.63,46.56,8125.6,118778.3,0.3,0,0.0,5536,1,5
1781952041.867,81.5,15.21,12.02,19.83,46.48,8225.6,118678.1,0.3,0,0.0,5472,1,5
1781952044.868,84.5,16.32,12.02,19.83,46.48,8271.6,118632.6,0.3,0,0.0,5408,1,8
1781952047.868,87.5,15.98,11.54,19.6,46.26,8205.3,118698.6,0.3,0,0.0,5408,1,8
1781952050.868,90.5,21.31,11.54,19.6,46.26,7850.1,119055.2,0.3,0,0.0,5152,1,8
1781952053.868,93.5,81.74,13.26,19.82,46.19,7728.5,119174.8,0.3,0,0.0,5216,1,8
1781952056.868,96.5,97.3,15.0,20.08,46.13,7775.5,119127.8,0.3,0,0.0,5408,0,8
1781952059.868,99.5,96.71,15.0,20.08,46.13,7775.2,119128.2,0.3,0,0.0,5472,0,8
1781952062.868,102.5,98.75,16.6,20.32,46.07,7873.8,119029.6,0.3,0,0.0,5536,0,8
1781952065.868,105.5,98.28,16.6,20.32,46.07,7844.6,119058.7,0.3,0,0.0,5600,0,8
1781952068.868,108.5,98.27,18.31,20.62,46.02,7970.9,118932.4,0.3,0,0.0,5600,0,8
1781952071.868,111.5,97.79,20.13,20.96,46.0,7912.7,118990.7,0.3,0,0.0,5536,0,8
1781952074.869,114.5,97.58,20.13,20.96,46.0,7821.5,119081.8,0.3,0,0.0,5600,0,8
1781952077.869,117.5,97.95,21.64,21.26,45.96,7745.2,119158.1,0.3,0,0.0,5600,0,8
1781952080.869,120.5,98.81,21.64,21.26,45.96,7744.6,119158.7,0.3,0,0.0,5536,1,11
1781952083.869,123.5,98.44,22.95,21.53,45.92,7823.9,119079.5,0.3,0,0.0,5728,1,11
1781952086.869,126.5,98.01,24.16,21.81,45.87,7784.3,119119.1,0.3,0,0.0,5984,1,11
1781952089.869,129.5,98.24,24.16,21.81,45.87,7849.8,119053.5,0.3,0,0.0,5984,1,11
1781952092.869,132.5,97.92,24.87,21.99,45.8,7877.7,119025.5,0.3,0,0.0,5856,0,11
1781952095.869,135.5,91.54,24.87,21.99,45.8,7853.7,119049.5,0.3,0,0.0,5792,0,11
1781952098.872,138.5,97.88,25.68,22.21,45.75,7804.8,119098.4,0.3,0,0.0,5600,0,11
1781952101.872,141.5,97.89,26.5,22.44,45.69,7880.5,119022.6,0.3,0,0.0,5664,0,11
1781952104.872,144.5,98.27,26.5,22.44,45.69,7878.2,119025.0,0.3,0,0.0,5728,2,14
1781952107.872,147.5,98.55,27.42,22.7,45.65,7836.6,119066.5,0.3,0,0.0,5856,2,14
1781952110.872,150.5,90.06,27.42,22.7,45.65,8032.1,118871.0,0.3,0,0.0,5728,2,14
1781952113.873,153.5,95.14,31.72,23.67,45.84,7924.5,118978.6,0.3,0,0.0,5536,2,14
1781952116.873,156.5,75.15,29.42,23.32,45.61,7928.2,118974.8,0.3,0,0.0,5536,2,14
1781952119.873,159.5,73.14,29.42,23.32,45.61,7893.1,119009.9,0.3,0,0.0,5472,2,14
1781952122.873,162.5,98.62,29.86,23.52,45.55,7963.7,118939.4,0.3,0,0.0,5536,2,14
1781952125.873,165.5,98.17,29.86,23.52,45.55,7938.8,118964.2,0.3,0,0.0,5536,2,14
1781952128.876,168.5,97.76,30.27,23.71,45.5,7900.8,119002.2,0.3,0,0.0,5600,2,14
1781952131.876,171.5,98.51,30.97,23.96,45.46,7850.9,119052.2,0.3,0,0.0,5536,2,14
1781952134.876,174.5,98.26,30.97,23.96,45.46,7911.1,118992.0,0.3,0,0.0,5600,2,14
1781952137.876,177.5,98.42,31.38,24.16,45.41,7940.4,118962.6,0.3,0,0.0,5536,2,14
1781952140.877,180.5,98.38,31.38,24.16,45.41,7881.5,119021.5,0.3,0,0.0,5664,0,14
1781952143.877,183.5,98.32,31.59,24.33,45.35,7893.4,119009.6,0.3,0,0.0,5984,0,14
1781952146.879,186.5,98.1,31.78,24.49,45.29,7931.1,118972.0,0.3,0,0.0,6112,0,14
1781952149.879,189.5,98.2,31.78,24.49,45.29,7905.9,118997.1,0.3,0,0.0,5984,0,14
1781952152.879,192.5,98.61,32.28,24.71,45.25,7981.2,118921.8,0.3,0,0.0,6048,1,16
1781952155.879,195.5,98.39,32.28,24.71,45.25,7877.0,119026.0,0.3,0,0.0,6048,1,16
1781952158.881,198.5,98.28,32.82,24.95,45.21,7872.2,119030.7,0.3,0,0.0,6112,1,16
1781952161.881,201.5,98.34,33.31,25.18,45.18,7947.6,118955.3,0.3,0,0.0,6240,1,16
1781952164.881,204.5,98.44,33.31,25.18,45.18,7880.3,119035.5,0.3,44,1557.1,6496,0,16
1781952167.899,207.5,98.08,38.89,26.47,45.49,8553.8,118729.6,0.3,551,19466.7,9952,0,16
1781952170.914,210.6,97.25,38.89,26.47,45.49,9302.2,118267.9,0.3,826,29170.5,12256,0,16
1781952173.926,213.6,94.39,49.55,28.89,46.17,9758.5,118032.8,0.3,1000,35506.1,13600,0,16
1781952176.926,216.6,90.55,51.99,29.74,46.35,9950.1,117842.1,0.3,1000,35522.3,14048,35,24
1781952179.93,219.6,93.72,51.99,29.74,46.35,10130.0,117662.5,0.3,1000,35522.3,14176,35,24
1781952182.931,222.6,90.13,57.52,31.25,46.75,10167.9,117624.8,0.3,1000,35522.3,14240,35,24
1781952185.931,225.6,93.27,57.52,31.25,46.75,10096.2,117696.6,0.3,1000,35522.3,14112,35,24
1781952188.931,228.6,91.43,60.76,32.36,47.03,10139.8,117653.1,0.3,1000,35522.3,14176,35,24
1781952191.931,231.6,93.02,67.35,34.2,47.55,10167.5,117625.4,0.3,1000,35522.3,14240,35,24
1781952194.931,234.6,93.09,67.35,34.2,47.55,10021.9,117771.1,0.3,1000,35522.4,14240,35,24
1781952197.931,237.6,93.69,79.25,37.22,48.45,9888.9,117904.2,0.3,1000,35524.2,14304,35,24
1781952200.931,240.6,92.77,79.25,37.22,48.45,9887.1,117905.6,0.3,1000,35525.3,14432,624,33
1781952203.931,243.6,92.81,85.4,39.19,49.03,9810.3,117982.5,0.3,1000,35526.2,14752,624,33
1781952206.932,246.6,92.68,97.54,42.47,50.04,9803.5,117989.3,0.3,1000,35526.3,14880,624,33
1781952209.932,249.6,91.54,97.54,42.47,50.04,9910.3,117882.4,0.3,1000,35526.3,14816,624,33
1781952212.932,252.6,94.57,98.77,43.64,50.38,9905.4,117887.3,0.3,1000,35526.3,14432,93,30
1781952215.932,255.6,93.76,98.77,43.64,50.38,9895.6,117897.1,0.3,1000,35526.3,14368,93,30
1781952218.933,258.6,94.62,94.95,43.77,50.38,9796.2,117996.4,0.3,1000,35526.3,14304,93,30
1781952221.933,261.6,94.61,100.48,45.76,50.99,9773.0,118019.6,0.3,1000,35526.3,14176,93,30
1781952224.933,264.6,93.82,100.48,45.76,50.99,9803.6,117989.1,0.3,1000,35526.3,14176,608,45
1781952227.933,267.6,92.76,109.01,48.44,51.83,9769.4,118023.7,0.3,1000,35526.3,14368,608,45
1781952230.933,270.6,93.92,109.01,48.44,51.83,9874.5,117918.7,0.3,1000,35526.4,14496,608,45
1781952233.933,273.6,94.77,109.01,49.45,52.14,9798.3,117994.9,0.3,1000,35526.4,14496,608,45
1781952236.934,276.6,93.27,108.29,50.29,52.39,9861.9,117931.3,0.3,1000,35526.5,14560,188,49
1781952239.934,279.6,94.5,108.29,50.29,52.39,9834.0,117958.8,0.3,1000,35526.5,14432,188,49
1781952242.934,282.6,94.2,106.5,50.88,52.57,9867.2,117925.6,0.3,1000,35526.5,14368,188,49
1781952245.936,285.6,92.01,106.5,50.88,52.57,9777.3,118015.5,0.3,1000,35526.5,14240,188,49
1781952248.937,288.6,92.58,106.94,51.89,52.89,9810.9,117981.8,0.3,1000,35526.5,14176,188,49
1781952251.937,291.6,91.98,106.63,52.74,53.16,9901.9,117890.7,0.3,1000,35526.5,14048,188,49
1781952254.939,294.6,92.35,106.63,52.74,53.16,9835.1,117957.6,0.3,1000,35526.5,14176,188,49
1781952257.94,297.6,92.37,104.73,53.25,53.32,9778.0,118014.7,0.3,1000,35526.5,14304,188,49
1781952260.94,300.6,91.02,104.73,53.25,53.32,9791.3,118001.4,0.3,1000,35526.6,14560,460,56
1781952263.94,303.6,91.36,102.83,53.71,53.47,9819.7,117973.0,0.3,1000,35526.6,14752,460,56
1781952266.94,306.6,92.95,99.96,53.93,53.55,9695.7,118097.0,0.3,1000,35526.6,14880,460,56
1781952269.942,309.6,93.32,99.96,53.93,53.55,9927.0,117865.8,0.3,1000,35526.6,14816,460,56
1781952272.942,312.6,93.49,98.28,54.34,53.68,9933.2,117859.5,0.3,1000,35526.6,14816,143,55
1781952275.942,315.6,91.38,98.28,54.34,53.68,9953.1,117839.7,0.3,1000,35526.6,14880,143,55
1781952278.942,318.6,95.1,97.06,54.82,53.84,9892.0,117900.8,0.3,1000,35526.6,14752,143,55
1781952281.942,321.6,93.74,126.85,61.7,56.07,9872.5,117920.3,0.3,1000,35526.6,14880,143,55
1781952284.943,324.6,93.55,126.85,61.7,56.07,9739.4,118053.4,0.3,1000,35526.6,14752,524,57
1781952287.943,327.6,94.77,128.62,63.15,56.57,9685.7,118107.1,0.3,1000,35526.6,14688,524,57
1781952290.943,330.6,94.5,128.62,63.15,56.57,9845.5,117947.6,0.3,1000,35526.7,14752,524,57
1781952293.943,333.6,93.98,127.05,63.91,56.85,9805.3,117987.9,0.3,1000,35526.7,15072,524,57
1781952296.943,336.6,93.5,125.2,64.57,57.1,9746.3,118046.9,0.3,1000,35526.8,15264,81,55
1781952299.946,339.6,93.63,125.2,64.57,57.1,9896.9,117896.6,0.3,1000,35526.8,15200,81,55
1781952302.946,342.6,92.32,123.66,65.26,57.37,9844.0,117949.8,0.3,1000,35526.8,15136,81,55
1781952305.946,345.6,90.96,123.66,65.26,57.37,9806.3,117987.6,0.3,1000,35526.8,15072,81,55
1781952308.949,348.6,93.33,143.95,70.44,59.08,9881.7,117912.8,0.3,1000,35526.8,15136,81,55
1781952311.949,351.6,94.0,141.15,71.08,59.35,9761.2,118033.3,0.3,1000,35526.8,15072,81,55
1781952314.949,354.6,93.48,141.15,71.08,59.35,9806.5,117987.6,0.3,1000,35526.8,15008,81,55
1781952317.95,357.6,94.24,134.73,70.91,59.36,9848.4,117946.1,0.3,1000,35526.8,15008,81,55
1781952320.951,360.6,92.9,134.73,70.91,59.36,9831.1,117963.6,0.3,1000,35526.8,15072,448,58
1781952323.951,363.6,93.59,131.31,71.26,59.54,9731.0,118063.8,0.3,1000,35526.9,15200,448,58
1781952326.951,366.6,90.49,124.88,70.92,59.49,9815.6,117979.2,0.3,1000,35526.9,15136,448,58
1781952329.952,369.6,92.5,124.88,70.92,59.49,9829.1,117965.7,0.3,1000,35526.9,15136,448,58
1781952332.952,372.6,93.61,128.17,72.5,60.06,9867.5,117927.3,0.3,1000,35526.9,15328,60,57
1781952335.952,375.6,93.86,128.17,72.5,60.06,9828.7,117966.1,0.3,1000,35526.9,15264,60,57
1781952338.953,378.6,94.52,121.91,72.13,60.01,9793.5,118001.0,0.3,1000,35526.9,15200,60,57
1781952341.955,381.6,93.42,115.99,71.73,59.95,9862.0,117932.4,0.3,1000,35526.9,15200,60,57
1781952344.955,384.6,94.37,115.99,71.73,59.95,9759.4,118035.0,0.3,1000,35526.9,14944,443,61
1781952347.955,387.6,93.72,119.52,73.19,60.48,9813.3,117981.2,0.3,1000,35526.9,14944,443,61
1781952350.955,390.6,90.02,119.52,73.19,60.48,9843.6,117950.8,0.3,1000,35527.0,15008,443,61
1781952353.955,393.6,94.65,115.07,73.04,60.5,9859.8,117934.7,0.3,1000,35527.0,15136,443,61
1781952356.956,396.6,93.26,123.56,75.5,61.36,9909.9,117884.5,0.3,1000,35527.1,15200,200,52
1781952359.956,399.6,93.35,123.56,75.5,61.36,9886.6,117907.8,0.3,1000,35527.1,15200,200,52
1781952362.956,402.6,94.64,121.91,75.95,61.59,9950.7,117843.7,0.3,1000,35527.1,15136,200,52
1781952365.956,405.6,93.16,121.91,75.95,61.59,9902.1,117892.2,0.3,1000,35527.1,15136,200,52
1781952368.956,408.6,92.84,117.99,75.91,61.65,9905.5,117889.1,0.3,1000,35527.1,15072,200,52
1781952371.956,411.6,93.93,113.83,75.74,61.67,9893.1,117901.4,0.3,1000,35527.1,14944,200,52
1781952374.957,414.6,93.39,113.83,75.74,61.67,9902.5,117892.1,0.3,1000,35527.1,15072,200,52
1781952377.957,417.6,93.21,108.56,75.28,61.6,9755.0,118039.4,0.3,1000,35527.1,14752,200,52
1781952380.957,420.6,93.53,108.56,75.28,61.6,9710.9,118083.4,0.3,1000,35527.2,14944,453,55
1781952383.957,423.6,92.35,104.19,74.93,61.56,9772.3,118022.1,0.3,1000,35527.2,15072,453,55
1781952386.957,426.6,93.9,103.05,75.18,61.71,9810.1,117984.3,0.3,1000,35527.3,15136,453,55
1781952389.957,429.6,93.31,103.05,75.18,61.71,9913.5,117881.0,0.3,1000,35527.3,15136,453,55
1781952392.957,432.6,91.59,102.01,75.42,61.86,9759.9,118034.5,0.3,1000,35527.3,14944,27,52
1781952395.957,435.6,94.01,102.01,75.42,61.86,9841.0,117954.0,0.3,1000,35527.3,14880,27,52
1781952398.957,438.6,92.99,104.25,76.33,62.23,9822.1,117973.0,0.3,1000,35527.3,14944,27,52
1781952401.957,441.6,93.86,107.27,77.42,62.66,9804.7,117990.4,0.3,1000,35527.3,14880,27,52
1781952404.958,444.6,94.33,107.27,77.42,62.66,9715.4,118079.6,0.3,1000,35527.3,14816,416,59
1781952407.96,447.6,94.18,104.13,77.26,62.69,9732.8,118062.2,0.3,1000,35527.3,14880,416,59
1781952410.96,450.6,94.51,104.13,77.26,62.69,9886.0,117909.0,0.3,1000,35527.3,15136,416,59
1781952413.96,453.6,92.69,109.4,78.8,63.26,9949.2,117845.8,0.3,1000,35527.4,15200,416,59
1781952416.96,456.6,92.18,105.85,78.57,63.27,9839.1,117955.7,0.3,1000,35527.4,15264,73,61
1781952419.961,459.6,91.83,105.85,78.57,63.27,9835.6,117959.1,0.3,1000,35527.4,15392,73,61
1781952422.964,462.6,94.6,108.74,79.63,63.7,9818.2,117976.6,0.3,1000,35527.4,15264,73,61
1781952425.964,465.6,91.59,108.74,79.63,63.7,9848.4,117946.4,0.3,1000,35527.4,15200,73,61
1781952428.964,468.6,93.11,106.36,79.62,63.78,9823.8,117971.0,0.3,1000,35527.4,15136,73,61
1781952431.965,471.6,93.43,102.97,79.36,63.78,9787.3,118007.5,0.3,1000,35527.4,15136,73,61
1781952434.965,474.6,90.69,102.97,79.36,63.78,9752.7,118042.1,0.3,1000,35527.4,14944,73,61
1781952437.965,477.6,92.79,103.53,79.87,64.03,9677.5,118117.4,0.3,1000,35527.4,14880,73,61
1781952440.965,480.6,92.23,103.53,79.87,64.03,9847.1,117947.6,0.3,1000,35527.5,14944,443,67
1781952443.975,483.6,94.05,101.97,79.93,64.14,9681.4,118113.3,0.3,1000,35527.5,15072,443,67
1781952446.975,486.6,94.25,100.29,79.95,64.23,9673.8,118120.9,0.3,1000,35527.6,15008,443,67
1781952449.975,489.6,93.07,100.29,79.95,64.23,9766.8,118028.0,0.3,1000,35527.6,15200,443,67
1781952452.982,492.6,92.37,100.58,80.35,64.44,9834.0,117960.6,0.3,1000,35527.6,15072,97,62
1781952455.982,495.6,93.08,100.58,80.35,64.44,9601.3,118193.4,0.3,1000,35527.6,14880,97,62
1781952458.982,498.6,93.51,102.38,81.06,64.76,9750.2,118044.5,0.3,1000,35527.6,14816,97,62
1781952461.982,501.6,92.5,102.11,81.36,64.94,9924.1,117870.5,0.3,1000,35527.6,14944,97,62
1781952464.982,504.6,93.52,102.11,81.36,64.94,9843.6,117951.0,0.3,1000,35527.6,14944,496,67
1781952467.983,507.6,89.88,98.98,81.05,64.93,9888.3,117906.5,0.3,1000,35527.6,14944,496,67
1781952470.983,510.6,93.7,98.98,81.05,64.93,9854.6,117940.2,0.3,1000,35527.6,15200,496,67
1781952473.984,513.6,93.98,98.18,81.19,65.06,9866.2,117928.6,0.3,1000,35527.7,15328,496,67
1781952476.984,516.6,87.73,94.0,80.6,64.96,9902.4,117892.4,0.3,1000,35527.7,15328,111,69
1781952479.984,519.6,93.01,94.0,80.6,64.96,9962.6,117832.2,0.3,1000,35527.8,15200,111,69
1781952482.984,522.6,92.12,95.28,81.09,65.2,9885.6,117909.1,0.3,1000,35527.8,15136,111,69
1781952485.985,525.6,93.7,95.28,81.09,65.2,9895.2,117899.5,0.3,1000,35527.8,15072,111,69
1781952488.985,528.6,93.4,101.34,82.58,65.77,9763.2,118031.5,0.3,1000,35527.8,15136,111,69
1781952491.985,531.6,92.71,97.95,82.19,65.73,9804.9,117989.8,0.3,1000,35527.8,15072,111,69
1781952494.986,534.6,92.25,97.95,82.19,65.73,9886.5,117908.2,0.3,1000,35527.8,14944,111,69
1781952497.986,537.6,92.48,94.59,81.76,65.68,9778.8,118015.9,0.3,1000,35527.8,14944,111,69
1781952500.986,540.6,94.14,94.59,81.76,65.68,9889.4,117905.3,0.3,1000,35527.8,14944,461,78
1781952503.987,543.6,91.7,93.66,81.78,65.77,9911.0,117883.7,0.3,1000,35527.9,15072,461,78
1781952506.987,546.6,94.69,97.7,82.81,66.19,9859.1,117935.5,0.3,1000,35527.9,15200,461,78
1781952509.987,549.6,95.36,97.7,82.81,66.19,9886.7,117907.9,0.3,1000,35527.9,15456,461,78
1781952512.988,552.6,92.52,96.12,82.73,66.25,9797.9,117996.7,0.3,1000,35527.9,15392,177,78
1781952515.989,555.6,93.71,96.12,82.73,66.25,9701.2,118093.4,0.3,1000,35527.9,15328,177,78
1781952518.989,558.6,90.24,92.1,82.12,66.15,9839.2,117955.5,0.3,1000,35527.9,15392,177,78
1781952521.989,561.6,90.0,90.01,81.85,66.14,9870.0,117924.6,0.3,1000,35527.9,15392,177,78
1781952524.989,564.6,93.17,90.01,81.85,66.14,9688.1,118106.6,0.3,1000,35527.9,15456,177,78
1781952527.99,567.6,93.88,88.89,81.75,66.2,9649.0,118145.7,0.3,1000,35527.9,15392,177,78
1781952530.99,570.6,92.94,88.89,81.75,66.2,9780.7,118014.0,0.3,1000,35527.9,15584,177,78
1781952533.99,573.6,94.14,92.18,82.56,66.54,9981.0,117813.8,0.3,1000,35528.0,15584,177,78
1781952536.99,576.6,93.61,93.29,82.95,66.75,9846.4,117948.4,0.3,1000,35528.0,15584,274,78
1781952539.992,579.6,93.86,93.29,82.95,66.75,9838.1,117956.7,0.3,1000,35528.1,15648,274,78
1781952542.992,582.6,93.85,90.14,82.46,66.68,9917.3,117877.5,0.3,1000,35528.1,15648,274,78
1781952545.992,585.6,94.02,90.14,82.46,66.68,9780.6,118014.2,0.3,1000,35528.1,15648,274,78
1781952549.023,588.7,93.27,88.85,82.32,66.72,9858.2,117936.6,0.3,1000,35528.1,15648,274,78
1781952552.023,591.7,93.98,96.23,83.96,67.34,9845.5,117949.3,0.3,1000,35528.1,15840,274,78
1781952555.023,594.7,93.26,96.23,83.96,67.34,9823.3,117971.5,0.3,1000,35528.1,15968,274,78
1781952558.024,597.7,94.4,95.81,84.08,67.47,9826.4,117969.1,0.3,1000,35528.1,15968,274,78
1781952561.024,600.7,92.48,95.81,84.08,67.47,9814.9,117980.7,0.3,1000,35528.1,16096,290,80
1781952564.025,603.7,93.22,92.7,83.63,67.41,9849.9,117946.0,0.3,1000,35528.2,16160,290,80
1781952567.025,606.7,92.54,90.88,83.4,67.42,9937.6,117858.3,0.3,1000,35528.2,16160,290,80
1781952570.026,609.7,92.87,90.88,83.4,67.42,9885.5,117910.4,0.3,1000,35528.3,16032,290,80
1781952573.027,612.7,92.83,88.65,83.06,67.4,9812.6,117983.5,0.3,1000,35528.3,15968,247,84
1781952576.027,615.7,93.18,88.65,83.06,67.4,9822.9,117973.2,0.3,1000,35528.3,15968,247,84
1781952579.027,618.7,94.24,87.08,82.83,67.41,9796.9,117999.6,0.3,1000,35528.3,15776,247,84
1781952582.027,621.7,94.06,87.87,83.07,67.57,9730.7,118065.9,0.3,1000,35528.3,15712,247,84
1781952585.027,624.7,91.21,87.87,83.07,67.57,9698.0,118098.6,0.3,1000,35528.3,15712,241,81
1781952588.027,627.7,91.44,85.96,82.75,67.55,9776.3,118019.6,0.3,1000,35528.3,15648,241,81
1781952591.028,630.7,91.0,85.96,82.75,67.55,9709.0,118086.9,0.3,1000,35528.3,15584,241,81
1781952594.028,633.7,93.62,84.12,82.42,67.52,9874.7,117921.3,0.3,1000,35528.4,15648,241,81
1781952597.028,636.7,92.12,82.83,82.18,67.53,9911.9,117884.1,0.3,1000,35528.4,15712,239,92
1781952600.028,639.7,92.7,82.83,82.18,67.53,9739.3,118056.7,0.3,1000,35528.5,15776,239,92
1781952603.029,642.7,92.53,84.29,82.49,67.71,9931.1,117864.5,0.3,1000,35528.5,15712,239,92
1781952606.029,645.7,93.42,84.29,82.49,67.71,9814.4,117981.2,0.3,1000,35528.5,15648,239,92
1781952609.033,648.7,92.41,96.43,85.04,68.61,9858.1,117937.5,0.3,1000,35528.5,15712,239,92
1781952612.033,651.7,93.11,94.88,84.91,68.66,9712.3,118083.3,0.3,1000,35528.5,15712,239,92
1781952615.033,654.7,93.59,94.88,84.91,68.66,9747.8,118047.7,0.3,1000,35528.5,15776,239,92
1781952618.033,657.7,91.84,91.2,84.31,68.55,9788.5,118007.1,0.3,1000,35528.5,15776,239,92
1781952621.034,660.7,94.39,91.2,84.31,68.55,9806.2,117989.4,0.3,1000,35528.5,15904,440,90
1781952624.034,663.7,94.0,89.75,84.12,68.57,9837.4,117958.1,0.3,1000,35528.6,15840,440,90
1781952627.034,666.7,92.83,88.64,83.99,68.61,9825.3,117970.2,0.3,1000,35528.6,15904,440,90
1781952630.038,669.7,93.6,88.64,83.99,68.61,9700.4,118095.1,0.3,1000,35528.7,15904,440,90
1781952633.038,672.7,92.99,88.75,84.09,68.73,9750.3,118045.1,0.3,1000,35528.7,16096,41,90
1781952636.038,675.7,89.0,88.75,84.09,68.73,9899.0,117896.5,0.3,1000,35528.7,16096,41,90
1781952639.043,678.7,92.88,88.69,84.15,68.83,9756.2,118039.3,0.3,1000,35528.7,16160,41,90
1781952642.044,681.7,93.22,85.83,83.64,68.75,9801.2,117994.3,0.3,1000,35528.7,16096,41,90
1781952645.044,684.7,92.7,85.83,83.64,68.75,9684.2,118111.3,0.3,1000,35528.7,15968,348,94
1781952648.045,687.7,94.15,84.49,83.39,68.75,9751.0,118044.5,0.3,1000,35528.7,15776,348,94
1781952651.045,690.7,88.86,84.49,83.39,68.75,9743.8,118051.7,0.3,1000,35528.7,15776,348,94
1781952654.045,693.7,92.61,82.05,82.9,68.67,9871.6,117923.8,0.3,1000,35528.7,15776,348,94
1781952657.046,696.7,93.69,81.08,82.69,68.68,9755.8,118039.6,0.3,1000,35528.8,15840,237,94
1781952660.046,699.7,91.89,81.08,82.69,68.68,9810.2,117985.2,0.3,1000,35528.9,15840,237,94
1781952663.046,702.7,92.06,78.51,82.13,68.57,9673.5,118121.8,0.3,1000,35528.9,15712,237,94
1781952666.046,705.7,94.57,78.51,82.13,68.57,9774.7,118020.7,0.3,1000,35528.9,15712,237,94
1781952669.046,708.7,93.95,77.35,81.83,68.54,9850.4,117945.1,0.3,1000,35528.9,15648,237,94
1781952672.046,711.7,93.15,76.36,81.55,68.53,9863.5,117932.0,0.3,1000,35528.9,15648,237,94
1781952675.046,714.7,92.86,76.36,81.55,68.53,9952.8,117842.6,0.3,1000,35528.9,15840,237,94
1781952678.049,717.7,93.13,77.21,81.64,68.63,9914.6,117880.9,0.3,1000,35528.9,15968,237,94
1781952681.049,720.7,90.09,77.21,81.64,68.63,9907.2,117888.2,0.3,1000,35528.9,15968,289,95
1781952684.049,723.7,92.32,77.19,81.56,68.67,9797.2,117998.2,0.3,1000,35528.9,16032,289,95
1781952687.051,726.7,94.71,87.67,83.66,69.42,9885.4,117910.1,0.3,1000,35529.0,16096,289,95
1781952690.051,729.7,93.83,87.67,83.66,69.42,9921.9,117873.6,0.3,1000,35529.0,16096,289,95
1781952693.051,732.7,94.46,90.18,84.25,69.69,9837.4,117958.1,0.3,1000,35529.1,16288,155,98
1781952696.051,735.7,92.49,90.18,84.25,69.69,9919.7,117875.8,0.3,1000,35529.1,16288,155,98
1781952699.051,738.7,91.79,95.53,85.46,70.16,9837.1,117958.4,0.3,1000,35529.1,16224,155,98
1781952702.051,741.7,92.36,99.81,86.51,70.58,9839.2,117956.4,0.3,1000,35529.1,16160,155,98
1781952705.051,744.7,93.68,99.81,86.51,70.58,9796.2,117999.3,0.3,1000,35529.1,16096,263,103
1781952708.051,747.7,93.52,98.63,86.49,70.66,9836.4,117959.1,0.3,1000,35529.1,16096,263,103
1781952711.051,750.7,94.14,98.63,86.49,70.66,9868.7,117926.9,0.3,1000,35529.1,16160,263,103
1781952714.052,753.7,89.37,96.65,86.28,70.67,9828.0,117967.6,0.3,1000,35529.1,16224,263,103
1781952717.052,756.7,91.9,92.84,85.66,70.56,9860.1,117935.4,0.3,1000,35529.2,16288,176,97
1781952720.053,759.7,88.26,92.84,85.66,70.56,9941.6,117854.0,0.3,1000,35529.2,16416,176,97
1781952723.053,762.7,90.05,89.01,84.99,70.42,9905.2,117890.4,0.3,1000,35529.3,16480,176,97
1781952726.056,765.7,91.78,89.01,84.99,70.42,9829.4,117966.1,0.3,1000,35529.3,16352,176,97
1781952729.056,768.7,92.74,87.56,84.75,70.42,9776.0,118019.6,0.3,1000,35529.3,16288,176,97
1781952732.056,771.7,92.69,86.08,84.49,70.42,9685.1,118110.5,0.3,1000,35529.3,16352,176,97
1781952735.056,774.7,91.37,86.08,84.49,70.42,9908.7,117886.9,0.3,1000,35529.3,16352,176,97
1781952738.056,777.7,92.2,83.83,84.05,70.35,9960.5,117835.0,0.3,1000,35529.3,16416,176,97
1781952741.056,780.7,91.51,83.83,84.05,70.35,9822.0,117973.5,0.3,1000,35529.3,16288,267,102
1781952744.056,783.7,91.57,82.8,83.83,70.35,9830.6,117964.9,0.3,1000,35529.3,16416,267,102
1781952747.056,786.7,90.51,80.41,83.32,70.26,9783.8,118011.9,0.3,1000,35529.3,16288,267,102
1781952750.057,789.7,90.88,80.41,83.32,70.26,9881.3,117914.3,0.3,1000,35529.4,16416,267,102
1781952753.057,792.7,94.6,80.54,83.3,70.32,9888.3,117907.3,0.3,1000,35529.4,16224,267,102
1781952756.057,795.7,93.64,80.54,83.3,70.32,9896.9,117898.8,0.3,1000,35529.4,16288,267,102
1781952759.057,798.7,94.0,80.42,83.23,70.37,9946.1,117849.5,0.3,1000,35529.4,16224,267,102
1781952762.057,801.7,91.58,77.9,82.66,70.25,9864.9,117930.7,0.3,1000,35529.4,16160,267,102
1781952765.057,804.7,93.45,77.9,82.66,70.25,9789.6,118006.0,0.3,1000,35529.4,16160,174,113
1781952768.057,807.7,92.88,99.93,87.15,71.77,9846.2,117949.3,0.3,1000,35529.4,16096,174,113
1781952771.057,810.7,93.24,99.93,87.15,71.77,9944.9,117850.7,0.3,1000,35529.4,16288,174,113
1781952774.058,813.7,93.25,98.34,87.03,71.82,9988.2,117807.3,0.3,1000,35529.4,16352,174,113
1781952777.058,816.7,93.82,96.47,86.83,71.84,9750.6,118044.9,0.3,1000,35529.5,16544,185,108
1781952780.058,819.7,93.04,96.47,86.83,71.84,9801.9,117993.7,0.3,1000,35529.5,16544,185,108
1781952783.059,822.7,92.72,105.8,88.92,72.59,9752.7,118042.9,0.3,1000,35529.6,16480,185,108
1781952786.059,825.7,94.14,105.8,88.92,72.59,9732.5,118063.1,0.3,1000,35529.6,16480,185,108
1781952789.059,828.7,93.78,102.61,88.54,72.56,9828.3,117967.3,0.3,1000,35529.6,16544,185,108
1781952792.06,831.7,92.16,98.88,88.0,72.47,9829.0,117966.6,0.3,1000,35529.6,16480,185,108
1781952795.06,834.7,91.03,98.88,88.0,72.47,9868.0,117927.6,0.3,1000,35529.6,16480,185,108
1781952798.061,837.7,91.63,96.73,87.74,72.47,9854.3,117941.3,0.3,1000,35529.6,16608,185,108
1781952801.061,840.7,93.05,96.73,87.74,72.47,9905.6,117890.0,0.3,1000,35529.6,16672,145,115
1781952804.061,843.7,93.97,96.99,87.94,72.61,9843.7,117952.5,0.3,1000,35529.6,16672,145,115
1781952807.061,846.7,94.7,93.55,87.38,72.51,9903.4,117892.9,0.3,1000,35529.7,16672,145,115
1781952810.061,849.7,93.38,93.55,87.38,72.51,9942.4,117853.8,0.3,1000,35529.7,16480,145,115
1781952813.061,852.7,94.49,98.55,88.52,72.96,9863.6,117932.7,0.3,1000,35529.8,16480,170,116
1781952816.063,855.7,91.73,98.55,88.52,72.96,9901.6,117895.1,0.3,1000,35529.8,16608,170,116
1781952819.063,858.7,91.48,96.02,88.16,72.93,9859.9,117936.9,0.3,1000,35529.8,16544,170,116
1781952822.063,861.7,92.58,92.01,87.46,72.79,9911.0,117885.8,0.3,1000,35529.8,16544,170,116
1781952825.063,864.7,91.16,92.01,87.46,72.79,9943.6,117853.1,0.3,1000,35529.8,16544,170,116
1781952828.063,867.7,93.14,89.45,87.0,72.72,9910.6,117886.2,0.3,1000,35529.8,16480,170,116
1781952831.065,870.7,94.91,89.45,87.0,72.72,9880.2,117917.3,0.3,1000,35529.8,16480,170,116
1781952834.065,873.7,93.77,90.22,87.2,72.86,9925.2,117872.3,0.3,1000,35529.8,16544,170,116
1781952837.065,876.7,93.18,86.59,86.5,72.71,9956.4,117841.2,0.3,1000,35529.8,16608,222,118
1781952840.065,879.7,90.84,86.59,86.5,72.71,9929.2,117868.5,0.3,1000,35529.9,16800,222,118
1781952843.065,882.7,94.14,87.19,86.63,72.82,9922.6,117874.6,0.3,1000,35529.9,16800,222,118
1781952846.065,885.7,93.51,87.19,86.63,72.82,9763.7,118034.0,0.3,1000,35529.9,16736,222,118
1781952849.066,888.7,92.41,84.85,86.15,72.74,9716.4,118081.3,0.3,1000,35529.9,16736,222,118
1781952852.066,891.7,92.78,82.78,85.7,72.67,9772.0,118025.7,0.3,1000,35529.9,16736,222,118
1781952855.088,894.7,92.63,82.78,85.7,72.67,9874.9,117922.6,0.3,1000,35530.1,16736,222,118
1781952858.088,897.7,94.04,80.88,85.26,72.59,9834.1,117963.3,0.3,1000,35530.6,16864,222,118
1781952861.091,900.7,92.44,80.88,85.26,72.59,9733.6,118063.6,0.3,1000,35530.6,16928,98,119
1781952864.092,903.7,92.44,80.33,85.07,72.6,9696.6,118100.6,0.3,1000,35530.6,16864,98,119
1781952867.092,906.7,93.57,79.98,84.92,72.62,9745.1,118052.1,0.3,1000,35530.6,16864,98,119
1781952870.092,909.7,93.86,79.98,84.92,72.62,9839.6,117957.6,0.3,1000,35530.6,16928,98,119
1781952873.092,912.7,92.63,77.74,84.37,72.51,9628.4,118168.3,0.3,1000,35530.6,16736,136,119
1781952876.092,915.7,94.39,77.74,84.37,72.51,9793.7,118002.9,0.3,1000,35530.6,16672,136,119
1781952879.092,918.7,93.01,78.0,84.31,72.56,9777.8,118018.9,0.3,1000,35530.6,16800,136,119
1781952882.093,921.7,92.53,75.52,83.7,72.42,9794.9,118001.8,0.3,1000,35530.6,16864,136,119
1781952885.094,924.7,93.01,75.52,83.7,72.42,9887.1,117909.5,0.3,1000,35530.6,16928,54,117
1781952888.198,927.8,93.91,81.16,84.73,72.81,9854.3,117942.3,0.3,1000,35532.1,16864,54,117
1781952891.198,930.8,93.9,81.16,84.73,72.81,9909.0,117887.6,0.3,1000,35532.1,16864,54,117
1781952894.198,933.8,91.33,83.71,85.2,73.03,9760.4,118036.1,0.3,1000,35532.1,16992,54,117
1781952897.2,936.8,94.27,114.89,91.64,75.18,9872.7,117923.8,0.3,1000,35532.1,16992,57,117
1781952900.2,939.8,92.87,114.89,91.64,75.18,9787.4,118009.1,0.3,1000,35532.1,16864,57,117
1781952903.2,942.8,93.16,112.17,91.46,75.21,9827.5,117969.0,0.3,1000,35532.1,16800,57,117
1781952906.2,945.8,93.05,112.17,91.46,75.21,9834.6,117962.0,0.3,1000,35532.1,16736,57,117
1781952909.2,948.8,94.6,116.72,92.75,75.71,9825.8,117970.7,0.3,1000,35532.1,16864,57,117
1781952912.2,951.8,93.45,113.06,92.39,75.69,9799.4,117997.2,0.3,1000,35532.1,16800,57,117
1781952915.201,954.8,91.54,113.06,92.39,75.69,9884.6,117912.0,0.3,1000,35532.1,16928,57,117
1781952918.201,957.8,95.09,117.54,93.66,76.19,9764.3,118032.3,0.3,1000,35533.3,16864,57,117
1781952921.201,960.8,93.75,117.54,93.66,76.19,9831.8,117964.7,0.3,1000,35533.4,16928,47,118
1781952924.201,963.8,92.84,115.25,93.58,76.26,9769.2,118027.4,0.3,1000,35533.4,16928,47,118
1781952927.201,966.8,95.01,116.84,94.27,76.58,9776.3,118020.3,0.3,1000,35533.4,17056,47,118
1781952930.201,969.8,92.89,116.84,94.27,76.58,9920.6,117876.0,0.3,1000,35533.4,17056,47,118
1781952933.201,972.8,93.14,123.18,95.96,77.22,9781.8,118014.8,0.3,1000,35533.4,17120,62,118
1781952936.201,975.8,94.34,123.18,95.96,77.22,9804.9,117991.6,0.3,1000,35533.4,17056,62,118
1781952939.202,978.8,93.92,117.4,95.21,77.08,9756.7,118039.9,0.3,1000,35533.4,17120,62,118
1781952942.202,981.8,93.43,111.52,94.36,76.9,9775.9,118020.8,0.3,1000,35533.4,17120,62,118
1781952945.202,984.8,93.33,111.52,94.36,76.9,9792.2,118004.4,0.3,1000,35533.4,17056,48,118
1781952948.202,987.8,90.42,107.31,93.77,76.8,9832.1,117964.5,0.3,1000,35533.4,17120,48,118
1781952951.202,990.8,90.38,107.31,93.77,76.8,9832.9,117963.7,0.3,1000,35535.3,17120,48,118
1781952954.202,993.8,92.06,102.32,92.96,76.63,9863.7,117933.0,0.3,1000,35535.3,17056,48,118
1781952957.203,996.8,93.5,97.97,92.22,76.48,9893.5,117903.2,0.3,1000,35535.3,16864,64,129
1781952960.203,999.8,93.27,97.97,92.22,76.48,9805.0,117991.7,0.3,1000,35535.3,16928,64,129
1781952963.203,1002.8,94.65,94.37,91.57,76.35,9785.0,118011.7,0.3,1000,35535.3,17056,64,129
1781952966.203,1005.8,93.74,94.37,91.57,76.35,9740.7,118056.0,0.3,1000,35535.3,17056,64,129
1781952969.203,1008.8,94.97,91.94,91.11,76.28,9891.2,117905.4,0.3,1000,35535.3,16992,64,129
1781952972.203,1011.8,94.2,87.86,90.28,76.09,10011.1,117785.6,0.3,1000,35535.3,16928,64,129
1781952975.204,1014.8,92.81,87.86,90.28,76.09,9909.6,117887.0,0.3,1000,35535.3,16864,64,129
1781952978.204,1017.8,94.0,85.63,89.77,76.01,9804.3,117992.3,0.3,1000,35535.3,16992,64,129
1781952981.204,1020.8,93.51,85.63,89.77,76.01,9840.2,117956.4,0.3,1000,35535.9,16992,62,132
1781952984.204,1023.8,95.45,84.22,89.41,75.96,9821.6,117975.0,0.3,1000,35538.4,16928,62,132
1781952987.204,1026.8,93.39,81.56,88.77,75.83,9933.0,117863.7,0.3,1000,35539.7,17056,62,132
1781952990.204,1029.8,93.48,81.56,88.77,75.83,9939.2,117857.5,0.3,1000,35539.7,16992,62,132
1781952993.204,1032.8,93.9,78.23,87.96,75.64,9775.3,118021.3,0.3,1000,35539.7,16928,52,132
1781952996.205,1035.8,94.07,78.23,87.96,75.64,9773.2,118023.4,0.3,1000,35539.7,16864,52,132
1781952999.205,1038.8,92.9,75.49,87.23,75.47,9681.1,118115.6,0.3,1000,35539.7,16800,52,132
1781953002.205,1041.8,91.57,74.41,86.81,75.39,9857.6,117939.1,0.3,1000,35539.7,16736,52,132
1781953005.205,1044.8,89.7,74.41,86.81,75.39,9853.3,117943.3,0.3,1000,35539.7,16864,54,131
1781953008.206,1047.8,92.99,74.05,86.54,75.36,9846.1,117950.5,0.3,1000,35539.7,16928,54,131
1781953011.206,1050.8,95.12,74.05,86.54,75.36,9815.2,117981.4,0.3,1000,35539.7,16928,54,131
1781953014.206,1053.8,92.62,72.85,86.08,75.28,9910.6,117886.0,0.3,1000,35539.7,17056,54,131
1781953017.206,1056.8,93.46,69.98,85.26,75.07,9876.7,117920.0,0.3,1000,35539.7,17056,11,132
1781953020.206,1059.8,92.57,69.98,85.26,75.07,9935.1,117861.5,0.3,1000,35539.7,17056,11,132
1781953023.206,1062.8,90.91,69.02,84.81,74.98,9929.7,117867.0,0.3,1000,35539.7,16928,11,132
1781953026.206,1065.8,91.81,69.02,84.81,74.98,9879.1,117917.6,0.3,1000,35539.7,16928,11,132
1781953029.206,1068.8,93.12,70.3,84.81,75.03,9939.8,117856.8,0.3,1000,35539.7,16736,11,132
1781953032.207,1071.8,94.01,77.88,86.15,75.52,9903.7,117893.0,0.3,1000,35539.7,16672,11,132
1781953035.207,1074.8,92.6,77.88,86.15,75.52,9946.4,117850.3,0.3,1000,35539.7,16800,11,132
1781953038.207,1077.8,93.55,75.73,85.56,75.38,9969.9,117826.8,0.3,1000,35539.7,16800,11,132
1781953041.207,1080.8,94.69,75.73,85.56,75.38,9908.4,117888.4,0.3,1000,35539.7,16800,3,131
1781953044.207,1083.8,93.78,73.43,84.92,75.23,9889.7,117907.0,0.3,1000,35539.7,16864,3,131
1781953047.207,1086.8,93.43,78.12,85.7,75.54,10011.9,117784.9,0.3,1000,35539.7,16992,3,131
1781953050.207,1089.8,93.85,78.12,85.7,75.54,9998.2,117798.6,0.3,1000,35539.7,16992,3,131
1781953053.208,1092.8,93.55,78.11,85.58,75.55,9945.7,117851.1,0.3,1000,35539.7,17056,8,131
1781953056.208,1095.8,94.21,78.11,85.58,75.55,9916.4,117880.5,0.3,1000,35539.7,16992,8,131
1781953059.208,1098.8,93.13,76.26,85.07,75.44,9893.8,117903.1,0.3,1000,35539.7,16992,8,131
1781953062.208,1101.8,94.13,75.12,84.68,75.37,9860.4,117936.6,0.3,1000,35539.7,16864,8,131
1781953065.208,1104.8,93.92,75.12,84.68,75.37,9853.4,117943.6,0.3,1000,35539.7,16928,2,131
1781953068.213,1107.8,94.3,72.54,83.99,75.19,9838.1,117959.0,0.3,1000,35539.7,16992,2,131
1781953071.213,1110.8,92.91,72.54,83.99,75.19,9918.7,117878.3,0.3,1000,35539.7,16928,2,131
1781953074.213,1113.8,93.45,70.82,83.44,75.06,9710.5,118086.7,0.3,1000,35539.7,16992,2,131
1781953077.213,1116.8,93.02,68.43,82.74,74.88,9797.8,117999.3,0.3,1000,35539.7,17120,2,131
1781953080.214,1119.9,92.31,68.43,82.74,74.88,9853.6,117943.5,0.3,1000,35539.7,17120,2,131
1781953083.214,1122.9,92.5,67.35,82.28,74.77,9975.0,117822.1,0.3,1000,35539.7,17312,2,131
1781953086.214,1125.9,92.72,67.35,82.28,74.77,9840.2,117956.9,0.3,1000,35539.7,17184,2,131
1781953089.214,1128.9,94.38,65.4,81.63,74.6,9814.4,117982.7,0.3,1000,35539.7,16992,2,131
1781953092.214,1131.9,93.35,63.13,80.88,74.4,9768.3,118028.8,0.3,1000,35539.7,16864,2,131
1781953095.215,1134.9,94.4,63.13,80.88,74.4,9769.0,118028.1,0.3,1000,35539.7,16608,2,131
1781953098.215,1137.9,91.3,66.32,81.25,74.55,9860.9,117936.2,0.3,1000,35539.7,16672,2,131
1781953101.215,1140.9,93.74,66.32,81.25,74.55,9889.6,117907.5,0.3,1000,35539.7,16608,6,129
1781953104.215,1143.9,93.35,68.94,81.55,74.68,9805.6,117991.4,0.3,1000,35539.7,16736,6,129
1781953107.215,1146.9,93.93,69.66,81.49,74.7,9845.8,117951.3,0.3,1000,35539.7,16928,6,129
1781953110.215,1149.9,92.91,69.66,81.49,74.7,10005.5,117791.6,0.3,1000,35539.7,16928,6,129
1781953113.216,1152.9,92.89,67.93,80.93,74.56,9877.4,117919.6,0.3,1000,35539.7,17056,5,129
1781953116.216,1155.9,93.46,67.93,80.93,74.56,9949.4,117847.8,0.3,1000,35539.7,17184,5,129
1781953119.216,1158.9,93.74,66.01,80.32,74.39,9968.9,117828.3,0.3,1000,35539.7,17184,5,129
1781953122.216,1161.9,92.61,67.21,80.33,74.43,9910.6,117886.6,0.3,1000,35539.7,17120,5,129
1781953125.216,1164.9,93.5,67.21,80.33,74.43,9812.6,117984.6,0.3,1000,35539.7,17056,3,129
1781953128.216,1167.9,92.62,66.96,80.06,74.37,9910.1,117887.1,0.3,1000,35539.7,17184,3,129
1781953131.216,1170.9,90.48,66.96,80.06,74.37,9985.6,117811.6,0.3,1000,35539.7,17184,3,129
1781953134.216,1173.9,92.51,66.32,79.71,74.29,9999.0,117798.1,0.3,1000,35539.7,17184,3,129
1781953137.217,1176.9,93.42,67.97,79.83,74.36,9960.0,117837.2,0.3,1000,35539.7,17312,4,129
1781953140.217,1179.9,94.77,67.97,79.83,74.36,9964.2,117833.0,0.3,1000,35539.7,17312,4,129
1781953143.217,1182.9,93.55,66.14,79.25,74.2,9935.3,117861.8,0.3,1000,35539.7,17312,4,129
1781953146.217,1185.9,93.44,66.14,79.25,74.2,9899.4,117897.7,0.3,1000,35539.7,17376,4,129
1781953149.218,1188.9,92.94,68.29,79.48,74.3,9899.5,117897.6,0.3,1000,35539.7,17312,4,129
1781953152.218,1191.9,93.73,65.7,78.76,74.1,9867.5,117929.6,0.3,1000,35539.7,17312,4,129
1781953155.218,1194.9,94.72,65.7,78.76,74.1,9865.0,117932.1,0.3,1000,35539.7,17248,4,129
1781953158.218,1197.9,93.73,66.37,78.68,74.1,9762.6,118034.5,0.3,1000,35539.7,17248,4,129
1781953161.219,1200.9,93.44,66.37,78.68,74.1,9802.0,117995.1,0.3,1000,35539.7,17312,13,129
1781953164.219,1203.9,94.4,68.26,78.87,74.18,9711.8,118085.3,0.3,1000,35539.7,17184,13,129
1781953167.219,1206.9,93.14,66.56,78.34,74.03,9793.8,118003.4,0.3,1000,35539.7,17184,13,129
1781953170.219,1209.9,94.16,66.56,78.34,74.03,9807.3,117989.8,0.3,1000,35539.7,17120,13,129
1781953173.219,1212.9,92.61,65.39,77.9,73.92,9850.6,117946.5,0.3,1000,35539.7,17184,3,129
1781953176.219,1215.9,92.3,65.39,77.9,73.92,9771.1,118026.1,0.3,1000,35539.7,17312,3,129
1781953179.219,1218.9,91.69,64.8,77.57,73.83,9921.0,117876.2,0.3,1000,35539.7,17312,3,129
1781953182.219,1221.9,91.97,64.17,77.23,73.74,9919.9,117877.3,0.3,1000,35539.7,17312,3,129
1781953185.219,1224.9,93.12,64.17,77.23,73.74,9977.3,117819.9,0.3,1000,35539.7,17504,6,132
1781953188.22,1227.9,94.45,66.72,77.54,73.86,9869.3,117927.9,0.3,1000,35539.7,17504,6,132
1781953191.22,1230.9,93.59,66.72,77.54,73.86,9922.3,117874.8,0.3,1000,35539.7,17376,6,132
1781953194.221,1233.9,92.57,71.63,78.38,74.15,9858.3,117938.9,0.3,1000,35539.7,17376,6,132
1781953197.221,1236.9,91.9,75.9,79.15,74.42,9879.9,117917.3,0.3,1000,35539.7,17376,4,132
1781953200.221,1239.9,93.41,75.9,79.15,74.42,9924.6,117872.6,0.3,1000,35539.7,17376,4,132
1781953203.221,1242.9,94.03,73.75,78.65,74.29,9873.1,117924.0,0.3,1000,35539.7,17440,4,132
1781953206.221,1245.9,93.03,73.75,78.65,74.29,9796.6,118000.5,0.3,1000,35539.7,17312,4,132
1781953209.222,1248.9,95.21,71.29,78.06,74.12,9800.2,117996.9,0.3,1000,35539.7,17312,4,132
1781953212.222,1251.9,93.28,68.7,77.41,73.93,9939.9,117857.2,0.3,1000,35539.7,17312,4,132
1781953215.222,1254.9,92.95,68.7,77.41,73.93,9928.6,117868.6,0.3,1000,35539.7,17312,4,132
1781953218.222,1257.9,93.39,70.17,77.57,74.0,9941.7,117855.5,0.3,1000,35539.7,17312,4,132
1781953221.222,1260.9,93.95,70.17,77.57,74.0,9863.1,117934.0,0.3,1000,35539.7,17312,4,132
1781953224.223,1263.9,94.74,71.19,77.66,74.05,9900.1,117897.1,0.3,1000,35539.7,17120,4,132
1781953227.225,1266.9,91.63,71.82,77.68,74.08,10081.4,117715.8,0.3,1000,35539.7,17120,4,132
1781953230.225,1269.9,92.26,71.82,77.68,74.08,9921.2,117876.0,0.3,1000,35539.7,17120,4,132
1781953233.225,1272.9,93.0,70.71,77.35,73.99,9946.9,117850.3,0.3,1000,35539.7,17248,6,131
1781953236.225,1275.9,94.29,70.71,77.35,73.99,9821.8,117975.4,0.3,1000,35539.7,17248,6,131
1781953239.225,1278.9,94.04,70.02,77.1,73.92,9959.1,117838.1,0.3,1000,35539.7,17248,6,131
1781953242.227,1281.9,93.54,74.1,77.83,74.18,9878.2,117919.0,0.3,1000,35539.7,17248,6,131
1781953245.227,1284.9,92.38,74.1,77.83,74.18,9730.7,118066.5,0.3,1000,35539.7,17248,11,137
1781953248.227,1287.9,94.44,72.97,77.53,74.1,9908.8,117888.4,0.3,1000,35539.7,17248,11,137
1781953251.229,1290.9,93.75,72.97,77.53,74.1,9924.5,117872.7,0.3,1000,35539.7,17248,11,137
1781953254.229,1293.9,92.68,70.65,76.97,73.94,9953.9,117843.3,0.3,1000,35539.7,17248,11,137
1781953257.229,1296.9,92.56,70.2,76.78,73.89,9872.1,117925.2,0.3,1000,35539.7,17248,11,137
1781953260.23,1299.9,92.27,70.2,76.78,73.89,9904.3,117892.9,0.3,1000,35539.7,17184,11,137
1781953263.23,1302.9,92.04,67.78,76.16,73.71,9862.0,117935.2,0.3,1000,35539.7,17248,11,137
1781953266.23,1305.9,90.58,67.78,76.16,73.71,9951.6,117845.7,0.3,1000,35539.7,17120,11,137
1781953269.236,1308.9,92.54,67.72,76.01,73.67,9993.1,117804.2,0.3,1000,35539.7,17056,11,137
1781953272.236,1311.9,93.9,67.66,75.86,73.64,9834.7,117962.6,0.3,1000,35539.7,16992,11,137
1781953275.236,1314.9,93.83,67.66,75.86,73.64,9791.4,118005.9,0.3,1000,35539.7,16992,11,137
1781953278.236,1317.9,91.57,69.05,76.01,73.7,9889.6,117907.8,0.3,1000,35539.7,17184,11,137
1781953281.237,1320.9,90.26,69.05,76.01,73.7,9906.8,117890.6,0.3,1000,35539.7,17184,7,146
1781953284.237,1323.9,93.68,69.04,75.9,73.67,9832.2,117965.1,0.3,1000,35539.7,17120,7,146
1781953287.237,1326.9,94.11,67.92,75.55,73.57,9779.0,118018.4,0.3,1000,35539.7,17120,7,146
1781953290.237,1329.9,92.83,67.92,75.55,73.57,9886.1,117911.3,0.3,1000,35539.7,17120,7,146
1781953293.237,1332.9,88.35,67.2,75.28,73.49,9813.3,117984.1,0.3,1000,35539.7,16992,5,146
1781953296.237,1335.9,93.49,67.2,75.28,73.49,9812.2,117985.1,0.3,1000,35539.7,16992,5,146
1781953299.237,1338.9,94.91,66.79,75.06,73.43,9873.9,117923.5,0.3,1000,35539.7,17120,5,146
1781953302.241,1341.9,91.89,64.88,74.52,73.27,9864.4,117933.0,0.3,1000,35539.7,17120,5,146
1781953305.242,1344.9,94.91,64.88,74.52,73.27,9772.7,118024.7,0.3,1000,35539.7,17120,4,146
1781953308.242,1347.9,94.32,64.49,74.28,73.2,9777.2,118020.2,0.3,1000,35539.7,17184,4,146
1781953311.242,1350.9,94.3,64.49,74.28,73.2,9741.1,118056.3,0.3,1000,35539.7,17184,4,146
1781953314.242,1353.9,93.47,62.29,73.66,73.0,10039.9,117757.5,0.3,1000,35539.7,17184,4,146
1781953317.242,1356.9,93.94,61.54,73.32,72.89,10069.8,117727.6,0.3,1000,35539.7,17184,9,146
1781953320.242,1359.9,90.23,61.54,73.32,72.89,9946.0,117851.4,0.3,1000,35539.7,16928,9,146
1781953323.242,1362.9,93.99,61.58,73.13,72.83,9783.0,118014.4,0.3,1000,35539.7,16864,9,146
1781953326.243,1365.9,93.31,61.58,73.13,72.83,9878.0,117919.4,0.3,1000,35539.7,16928,9,146
1781953329.243,1368.9,93.67,61.13,72.85,72.74,9914.1,117883.4,0.3,1000,35539.7,16928,9,146
1781953332.243,1371.9,92.87,61.84,72.8,72.73,9926.1,117871.3,0.3,1000,35539.7,16864,9,146
1781953335.245,1374.9,93.17,61.84,72.8,72.73,9901.5,117895.9,0.3,1000,35539.7,16800,9,146
1781953338.245,1377.9,94.57,62.9,72.84,72.74,9849.1,117948.4,0.3,1000,35539.7,16864,9,146
1781953341.245,1380.9,94.33,62.9,72.84,72.74,9878.3,117919.1,0.3,1000,35539.7,16928,4,146
1781953344.248,1383.9,92.32,60.82,72.24,72.55,9848.2,117949.3,0.3,1000,35539.7,17056,4,146
1781953347.248,1386.9,92.07,60.68,72.02,72.48,9776.8,118020.8,0.3,1000,35539.7,16992,4,146
1781953350.249,1389.9,94.21,60.68,72.02,72.48,9880.2,117917.4,0.3,1000,35539.7,16992,4,146
1781953353.252,1392.9,95.55,60.22,71.74,72.38,9875.7,117921.9,0.3,1000,35539.7,16992,8,152
1781953356.252,1395.9,94.16,60.22,71.74,72.38,9781.1,118016.5,0.3,1000,35539.7,17184,8,152
1781953359.253,1398.9,94.93,60.04,71.51,72.3,9757.8,118039.8,0.3,1000,35539.7,17184,8,152
1781953362.253,1401.9,92.72,58.04,70.9,72.1,9932.6,117865.0,0.3,1000,35539.7,17184,8,152
1781953365.253,1404.9,92.7,58.04,70.9,72.1,9916.1,117881.6,0.3,1000,35539.7,17312,12,154
1781953368.253,1407.9,92.44,56.67,70.41,71.94,9840.8,117956.8,0.3,1000,35539.7,17184,12,154
1781953371.253,1410.9,94.39,56.67,70.41,71.94,9841.8,117955.9,0.3,1000,35539.7,17120,12,154
1781953374.253,1413.9,91.93,56.46,70.13,71.84,9949.6,117848.1,0.3,1000,35539.7,17248,12,154
1781953377.254,1416.9,93.76,55.94,69.8,71.72,9906.5,117891.2,0.3,1000,35539.7,17248,4,154
1781953380.255,1419.9,92.24,55.94,69.8,71.72,9901.4,117896.3,0.3,1000,35539.7,17376,4,154
1781953383.257,1422.9,93.0,55.79,69.54,71.63,9870.4,117927.3,0.3,1000,35539.7,17312,4,154
1781953386.257,1425.9,91.65,55.79,69.54,71.63,9815.8,117981.9,0.3,1000,35539.7,17312,4,154
1781953389.257,1428.9,94.03,54.84,69.11,71.48,9915.1,117882.6,0.3,1000,35539.7,17376,4,154
1781953392.258,1431.9,93.83,55.41,68.99,71.43,9950.7,117847.1,0.3,1000,35539.7,17376,4,154
1781953395.258,1434.9,93.68,55.41,68.99,71.43,9796.8,118000.9,0.3,1000,35539.7,17248,4,154
1781953398.261,1437.9,91.65,55.22,68.73,71.33,9910.8,117887.0,0.3,1000,35539.7,17248,4,154
1781953401.261,1440.9,93.41,55.22,68.73,71.33,9884.4,117913.4,0.3,1000,35539.7,17248,9,154
1781953404.262,1443.9,94.21,54.56,68.37,71.2,9885.9,117911.9,0.3,1000,35539.7,17056,9,154
1781953407.262,1446.9,92.26,58.84,69.03,71.39,9966.0,117831.8,0.3,1000,35539.7,17056,9,154
1781953410.262,1449.9,90.89,58.84,69.03,71.39,9913.2,117884.5,0.3,1000,35539.7,17184,9,154
1781953413.263,1452.9,89.55,69.5,71.07,72.04,9799.9,117997.9,0.3,1000,35539.7,17248,9,154
1781953416.263,1455.9,93.67,69.5,71.07,72.04,9826.1,117971.6,0.3,1000,35539.7,17248,9,154
1781953419.263,1458.9,94.94,69.14,70.97,72.0,9916.4,117881.4,0.3,1000,35539.7,16992,9,154
1781953422.269,1461.9,91.9,67.53,70.6,71.88,9852.7,117945.1,0.3,1000,35539.7,16992,9,154
1781953425.269,1464.9,93.6,67.53,70.6,71.88,9874.1,117923.8,0.3,1000,35539.7,17120,7,154
1781953428.269,1467.9,92.87,69.73,71.01,72.0,9940.9,117857.0,0.3,1000,35539.7,17056,7,154
1781953431.269,1470.9,93.77,69.73,71.01,72.0,9881.0,117916.9,0.3,1000,35539.7,17056,7,154
1781953434.269,1473.9,93.97,69.43,70.92,71.97,9905.4,117892.5,0.3,1000,35539.7,17056,7,154
1781953437.27,1476.9,93.6,67.88,70.58,71.85,9937.2,117860.6,0.3,1000,35539.7,16928,3,154
1781953440.27,1479.9,94.47,67.88,70.58,71.85,9776.9,118021.0,0.3,1000,35539.7,17120,3,154
1781953443.274,1482.9,89.76,66.44,70.23,71.74,9921.9,117876.0,0.3,1000,35539.7,17120,3,154
1781953446.275,1485.9,93.32,66.44,70.23,71.74,9791.4,118006.4,0.3,1000,35539.7,17056,3,154
1781953449.275,1488.9,94.34,64.49,69.77,71.58,9924.6,117873.2,0.3,1000,35539.7,17056,3,154
1781953452.276,1491.9,91.02,63.57,69.49,71.48,10009.9,117787.9,0.3,1000,35539.7,17120,3,154
1781953455.276,1494.9,90.52,63.57,69.49,71.48,9782.9,118015.0,0.3,1000,35539.7,17056,3,154
1781953458.276,1497.9,92.3,61.52,68.96,71.3,9817.1,117980.7,0.3,1000,35539.7,16992,3,154
1781953461.276,1500.9,93.33,61.52,68.96,71.3,9979.3,117818.6,0.3,1000,35539.7,17056,3,154
1781953464.276,1503.9,93.49,63.32,69.21,71.36,9924.7,117873.1,0.3,1000,35539.7,17184,3,154
1781953467.277,1506.9,93.31,61.93,68.83,71.23,9784.7,118013.1,0.3,1000,35539.7,17184,3,154
1781953470.277,1509.9,90.73,61.93,68.83,71.23,9981.2,117816.7,0.3,1000,35539.7,17120,3,154
1781953473.277,1512.9,93.32,61.38,68.6,71.14,9867.9,117930.0,0.3,1000,35539.7,17120,7,154
1781953476.278,1515.9,92.58,61.38,68.6,71.14,9822.2,117975.7,0.3,1000,35539.7,17120,7,154
1781953479.278,1518.9,92.52,60.71,68.34,71.04,9921.8,117876.1,0.3,1000,35539.7,17120,7,154
1781953482.279,1521.9,92.89,68.98,69.93,71.54,9901.5,117896.4,0.3,1000,35539.7,17120,7,154
1781953485.279,1524.9,92.58,68.98,69.93,71.54,9784.3,118013.5,0.3,1000,35539.7,16992,6,154
1781953488.28,1527.9,90.7,67.06,69.51,71.4,9880.3,117917.6,0.3,1000,35539.7,16864,6,154
1781953491.28,1530.9,92.73,67.06,69.51,71.4,9818.9,117979.0,0.3,1000,35539.7,16864,6,154
1781953494.283,1533.9,93.21,64.73,68.99,71.22,9956.5,117841.4,0.3,1000,35539.7,16992,6,154
1781953497.283,1536.9,92.87,67.23,69.44,71.35,9958.3,117839.5,0.3,1000,35539.7,16928,6,154
1781953500.283,1539.9,91.61,67.23,69.44,71.35,9934.4,117863.4,0.3,1000,35539.7,16864,6,154
1781953503.284,1542.9,89.19,66.5,69.25,71.28,10055.3,117742.6,0.3,1000,35539.7,16864,6,154
1781953506.284,1545.9,92.73,66.5,69.25,71.28,9996.7,117801.1,0.3,1000,35539.7,16992,6,154
1781953509.284,1548.9,94.55,66.13,69.13,71.23,9847.6,117950.3,0.3,1000,35539.7,16864,6,154
1781953512.284,1551.9,94.32,65.96,69.04,71.19,9885.6,117912.2,0.3,1000,35539.7,16864,6,154
1781953515.284,1554.9,93.48,65.96,69.04,71.19,9805.9,117992.0,0.3,1000,35539.7,16672,6,154
1781953518.287,1557.9,92.8,65.97,68.99,71.16,9801.3,117996.6,0.3,1000,35539.7,16736,6,154
1781953521.287,1560.9,93.24,65.97,68.99,71.16,9951.7,117846.1,0.3,1000,35539.7,16928,7,150
1781953524.287,1563.9,94.29,67.25,69.21,71.22,9781.7,118016.2,0.3,1000,35539.7,16928,7,150
1781953527.288,1566.9,93.55,75.32,70.85,71.74,9868.1,117929.8,0.3,1000,35539.7,16992,7,150
1781953530.288,1569.9,94.65,75.32,70.85,71.74,9944.8,117853.1,0.3,1000,35539.7,17056,7,150
1781953533.288,1572.9,93.79,72.89,70.42,71.6,9769.2,118028.6,0.3,1000,35539.7,17056,8,150
1781953536.288,1575.9,93.41,72.89,70.42,71.6,9932.3,117865.6,0.3,1000,35539.7,16864,8,150
1781953539.288,1578.9,94.47,70.82,70.03,71.47,9788.4,118009.5,0.3,1000,35539.7,17056,8,150
1781953542.288,1581.9,94.79,70.19,69.91,71.42,9790.9,118007.1,0.3,1000,35539.7,17056,8,150
1781953545.289,1584.9,94.29,70.19,69.91,71.42,9866.7,117931.3,0.3,1000,35539.7,17120,5,150
1781953548.289,1587.9,94.42,81.79,72.32,72.19,9873.5,117924.6,0.3,1000,35539.7,17248,5,150
1781953551.289,1590.9,92.75,81.79,72.32,72.19,9857.2,117940.9,0.3,1000,35539.7,17312,5,150
1781953554.289,1593.9,93.63,80.6,72.23,72.16,9818.0,117980.1,0.3,1000,35539.7,17376,5,150
1781953557.289,1596.9,92.96,81.2,72.5,72.25,9885.4,117912.7,0.3,1000,35539.7,17440,10,151
1781953560.291,1599.9,93.16,81.2,72.5,72.25,9904.2,117893.9,0.3,1000,35539.7,17440,10,151
1781953563.291,1602.9,94.76,78.7,72.12,72.13,9870.5,117927.6,0.3,1000,35539.7,17312,10,151
1781953566.291,1605.9,92.69,78.7,72.12,72.13,9935.4,117863.3,0.3,1000,35539.7,17440,10,151
1781953569.291,1608.9,94.37,82.72,73.07,72.43,9893.4,117904.8,0.3,1000,35539.7,17440,10,151
1781953572.291,1611.9,92.76,82.11,73.1,72.45,9798.8,117999.3,0.3,1000,35539.7,17312,10,151
1781953575.291,1614.9,92.73,82.11,73.1,72.45,9803.2,117995.0,0.3,1000,35539.7,17376,10,151
1781953578.292,1617.9,94.04,80.26,72.86,72.38,9803.9,117994.2,0.3,1000,35539.7,17376,10,151
1781953581.292,1620.9,93.85,80.26,72.86,72.38,9845.3,117952.9,0.3,1000,35539.7,17440,5,151
1781953584.292,1623.9,93.5,77.11,72.33,72.21,9762.9,118035.3,0.3,1000,35539.7,17376,5,151
1781953587.292,1626.9,92.78,75.82,72.15,72.15,9823.9,117974.3,0.3,1000,35539.7,17248,5,151
1781953590.292,1629.9,94.69,75.82,72.15,72.15,9832.5,117965.8,0.3,1000,35539.7,17376,5,151
1781953593.292,1632.9,93.06,73.67,71.76,72.02,9842.7,117955.6,0.3,1000,35539.7,17440,11,151
1781953596.292,1635.9,93.92,73.67,71.76,72.02,9810.3,117988.0,0.3,1000,35539.7,17440,11,151
1781953599.292,1638.9,93.49,73.86,71.83,72.04,9883.0,117915.3,0.3,1000,35539.7,17440,11,151
1781953602.292,1641.9,94.37,70.83,71.24,71.85,9970.4,117827.9,0.3,1000,35539.7,17504,11,151
1781953605.292,1644.9,94.35,70.83,71.24,71.85,9863.9,117934.4,0.3,1000,35539.7,17568,5,151
1781953608.293,1647.9,93.19,69.96,71.05,71.79,9868.7,117929.6,0.3,1000,35539.7,17504,5,151
1781953611.293,1650.9,93.76,69.96,71.05,71.79,9785.2,118013.1,0.3,1000,35539.7,17568,5,151
1781953614.293,1653.9,94.44,68.12,70.65,71.65,9800.6,117997.7,0.3,1000,35539.7,17504,5,151
1781953617.293,1656.9,93.2,66.35,70.24,71.51,9826.6,117971.7,0.3,1000,35539.7,17440,10,151
1781953620.293,1659.9,91.29,66.35,70.24,71.51,9818.5,117979.8,0.3,1000,35539.7,17504,10,151
1781953623.293,1662.9,94.37,64.32,69.76,71.35,9889.8,117908.5,0.3,1000,35539.7,17504,10,151
1781953626.293,1665.9,93.17,64.32,69.76,71.35,9955.6,117842.7,0.3,1000,35539.7,17504,10,151
1781953629.293,1668.9,94.41,62.85,69.36,71.21,9856.7,117941.6,0.3,1000,35539.7,17568,10,151
1781953632.293,1671.9,92.04,61.58,68.99,71.08,9847.5,117950.9,0.3,1000,35539.7,17504,10,151
1781953635.293,1674.9,93.38,61.58,68.99,71.08,9911.1,117887.3,0.3,1000,35539.7,17440,10,151
1781953638.294,1677.9,93.46,67.3,70.05,71.42,9882.5,117915.8,0.3,1000,35539.7,17504,10,151
1781953641.294,1680.9,90.5,67.3,70.05,71.42,9966.5,117831.9,0.3,1000,35539.7,17440,5,151
1781953644.294,1683.9,92.61,70.16,70.6,71.59,9813.7,117984.6,0.3,1000,35539.7,17440,5,151
1781953647.299,1686.9,93.68,69.99,70.56,71.57,9958.5,117839.9,0.3,1000,35539.7,17440,5,151
1781953650.299,1689.9,93.14,69.99,70.56,71.57,9789.0,118009.4,0.3,1000,35539.7,17376,5,151
1781953653.3,1692.9,92.51,71.91,70.95,71.69,9927.6,117870.8,0.3,1000,35539.7,17440,8,154
1781953656.3,1695.9,93.64,71.91,70.95,71.69,9836.2,117962.2,0.3,1000,35539.7,17376,8,154
1781953659.3,1698.9,93.47,71.12,70.8,71.64,9895.7,117902.7,0.3,1000,35539.7,17248,8,154
1781953662.3,1701.9,93.39,68.7,70.3,71.47,9785.0,118013.4,0.3,1000,35539.7,17376,8,154
1781953665.301,1704.9,93.64,68.7,70.3,71.47,9952.9,117845.5,0.3,1000,35539.7,17504,10,151
1781953668.301,1707.9,93.79,66.81,69.88,71.33,9825.3,117973.1,0.3,1000,35539.7,17440,10,151
1781953671.302,1710.9,93.55,66.81,69.88,71.33,9824.1,117974.3,0.3,1000,35539.7,17440,10,151
1781953674.302,1713.9,94.35,65.94,69.65,71.25,9925.6,117872.8,0.3,1000,35539.7,17440,10,151
1781953677.302,1716.9,91.39,64.98,69.39,71.15,9790.7,118007.7,0.3,1000,35539.7,17440,5,152
1781953680.302,1719.9,93.56,64.98,69.39,71.15,9755.8,118042.6,0.3,1000,35539.7,17504,5,152
1781953683.302,1722.9,92.21,63.54,69.02,71.02,9845.6,117952.8,0.3,1000,35539.7,17504,5,152
1781953686.302,1725.9,89.33,63.54,69.02,71.02,9858.3,117940.2,0.3,1000,35539.7,17568,5,152
1781953689.302,1728.9,92.64,63.82,68.98,71.0,9869.0,117929.4,0.3,1000,35539.7,17632,5,152
1781953692.304,1731.9,89.29,67.44,69.65,71.2,9884.9,117913.5,0.3,1000,35539.7,17568,5,152
1781953695.304,1734.9,92.43,67.44,69.65,71.2,9862.4,117936.1,0.3,1000,35539.7,17568,5,152
1781953698.304,1737.9,91.03,70.69,70.29,71.4,9794.2,118004.3,0.3,1000,35539.7,17440,5,152
1781953701.304,1740.9,91.42,70.69,70.29,71.4,9786.0,118012.5,0.3,1000,35539.7,17312,13,162
1781953704.305,1743.9,92.4,72.55,70.68,71.52,9879.1,117919.4,0.3,1000,35539.7,16864,13,162
1781953707.305,1746.9,92.8,70.35,70.25,71.38,9995.0,117803.5,0.3,1000,35539.7,16864,13,162
1781953710.305,1749.9,92.12,70.35,70.25,71.38,9868.9,117929.6,0.3,1000,35539.7,16864,13,162
1781953713.305,1752.9,94.36,77.85,71.81,71.88,9833.3,117965.3,0.3,1000,35539.7,16928,8,166
1781953716.305,1755.9,93.93,77.85,71.81,71.88,9843.1,117955.4,0.3,1000,35539.7,16992,8,166
1781953719.305,1758.9,89.69,76.26,71.58,71.8,9949.8,117848.7,0.3,1000,35539.7,16992,8,166
1781953722.305,1761.9,93.82,78.0,72.02,71.95,9870.1,117928.4,0.3,1000,35539.7,16992,8,166
1781953725.305,1764.9,92.69,78.0,72.02,71.95,9856.1,117942.4,0.3,1000,35539.7,17056,5,166
1781953728.308,1767.9,93.18,77.84,72.09,71.97,9821.4,117977.2,0.3,1000,35539.7,17056,5,166
1781953731.308,1770.9,91.88,77.84,72.09,71.97,9833.8,117964.9,0.3,1000,35539.7,17056,5,166
1781953734.308,1773.9,93.2,75.45,71.69,71.84,9964.5,117834.1,0.3,1000,35539.7,17056,5,166
1781953737.308,1776.9,93.74,77.5,72.17,72.0,9796.1,118002.5,0.3,1000,35539.7,16864,5,166
1781953740.308,1779.9,93.49,77.5,72.17,72.0,9876.6,117922.0,0.3,1000,35539.7,16864,5,166
1781953743.309,1782.9,92.87,74.89,71.72,71.85,9881.3,117917.3,0.3,1000,35539.7,16864,5,166
1781953746.309,1785.9,93.23,74.89,71.72,71.85,9888.6,117910.0,0.3,1000,35539.7,16864,5,166
1781953749.309,1788.9,92.62,76.42,72.09,71.97,9884.0,117914.6,0.3,1000,35539.7,16992,5,166
1781953752.309,1791.9,94.84,73.43,71.54,71.79,9999.9,117798.7,0.3,1000,35539.7,16992,5,166
1781953755.31,1794.9,92.16,73.43,71.54,71.79,9971.6,117827.1,0.3,1000,35539.7,16992,5,166
1781953758.311,1797.9,92.21,71.31,71.13,71.66,9820.3,117978.4,0.3,1000,35539.7,16992,5,166
1781953761.311,1800.9,90.42,71.31,71.13,71.66,9891.8,117906.8,0.3,1000,35539.7,17120,12,167
1781953764.311,1803.9,89.99,69.28,70.72,71.52,9893.5,117905.1,0.3,1000,35539.7,17184,12,167
1781953767.311,1806.9,94.81,70.3,70.9,71.58,9824.2,117974.5,0.3,1000,35539.7,17184,12,167
1781953770.311,1809.9,94.66,70.3,70.9,71.58,9890.0,117908.6,0.3,1000,35539.7,17184,12,167
1781953773.311,1812.9,92.73,69.24,70.67,71.5,9835.1,117963.5,0.3,1000,35539.7,17120,5,167
1781953776.311,1815.9,91.84,69.24,70.67,71.5,9857.8,117940.9,0.3,1000,35539.7,17120,5,167
1781953779.311,1818.9,93.48,73.22,71.48,71.75,9920.3,117878.3,0.3,1000,35539.7,17120,5,167
1781953782.312,1821.9,93.56,76.89,72.27,72.01,9880.3,117918.4,0.3,1000,35539.7,17120,5,167
1781953785.312,1824.9,93.07,76.89,72.27,72.01,9905.1,117893.5,0.3,1000,35539.7,17120,11,167
1781953788.312,1827.9,94.18,75.29,72.01,71.93,9953.6,117845.0,0.3,1000,35539.7,17184,11,167
1781953791.312,1830.9,94.83,75.29,72.01,71.93,10068.8,117729.9,0.3,1000,35539.7,17248,11,167
1781953794.312,1833.9,94.37,77.03,72.43,72.06,9982.6,117816.0,0.3,1000,35539.7,17248,11,167
1781953797.312,1836.9,91.74,73.99,71.87,71.88,9834.7,117964.0,0.3,1000,35539.7,17184,5,167
1781953800.312,1839.9,95.47,73.99,71.87,71.88,9850.2,117948.4,0.3,1000,35539.7,17056,5,167
1781953803.312,1842.9,92.28,72.87,71.67,71.82,9928.4,117870.2,0.3,1000,35539.7,17120,5,167
1781953806.312,1845.9,94.7,72.87,71.67,71.82,9844.4,117954.2,0.3,1000,35539.7,17184,5,167
1781953809.313,1848.9,94.26,69.75,71.05,71.62,9962.1,117836.6,0.3,1000,35539.7,17120,5,167
1781953812.313,1851.9,91.83,72.66,71.63,71.8,9855.8,117942.9,0.3,1000,35539.7,17056,5,167
1781953815.313,1854.9,93.49,72.66,71.63,71.8,9954.6,117844.1,0.3,1000,35539.7,17120,5,167
1781953818.313,1857.9,93.2,71.48,71.4,71.73,9993.6,117805.1,0.3,1000,35539.7,17056,5,167
1781953821.313,1860.9,95.28,71.48,71.4,71.73,9767.3,118031.4,0.3,1000,35539.7,16928,15,168
1781953824.314,1864.0,94.5,69.44,70.98,71.59,9865.3,117933.5,0.3,1000,35539.7,16928,15,168
1781953827.314,1867.0,93.87,67.24,70.5,71.43,9829.8,117968.9,0.3,1000,35539.7,16864,15,168
1781953830.314,1870.0,94.71,67.24,70.5,71.43,9922.0,117876.8,0.3,1000,35539.7,16864,15,168
1781953833.314,1873.0,93.0,64.9,69.96,71.25,9873.5,117925.2,0.3,1000,35539.7,16992,5,167
1781953836.314,1876.0,90.77,64.9,69.96,71.25,9837.8,117960.9,0.3,1000,35539.7,16992,5,167
1781953839.314,1879.0,91.31,64.43,69.78,71.18,9869.1,117929.7,0.3,1000,35539.7,16864,5,167
1781953842.316,1882.0,92.22,62.63,69.32,71.03,9969.0,117829.7,0.3,1000,35539.7,16864,5,167
1781953845.316,1885.0,93.22,62.63,69.32,71.03,9779.9,118018.8,0.3,1000,35539.7,16928,8,169
1781953848.316,1888.0,94.2,62.74,69.23,70.99,9723.9,118074.8,0.3,1000,35539.7,16928,8,169
1781953851.317,1891.0,94.91,62.74,69.23,70.99,9755.4,118043.4,0.3,1000,35539.7,16928,8,169
1781953854.317,1894.0,93.81,61.72,68.91,70.88,9797.0,118001.7,0.3,1000,35539.7,16864,8,169
1781953857.317,1897.0,94.08,62.47,68.94,70.88,9832.1,117966.6,0.3,1000,35539.7,16800,8,169
1781953860.317,1900.0,93.24,62.47,68.94,70.88,9782.0,118016.7,0.3,1000,35539.7,16864,8,169
1781953863.317,1903.0,94.69,61.55,68.64,70.77,9919.2,117879.6,0.3,1000,35539.7,16928,8,169
1781953866.317,1906.0,92.97,61.55,68.64,70.77,9837.3,117961.4,0.3,1000,35539.7,16928,8,169
1781953869.317,1909.0,94.72,65.91,69.43,71.01,9804.0,117994.8,0.3,1000,35539.7,16800,8,169
1781953872.318,1912.0,92.95,68.32,69.87,71.15,9766.3,118032.5,0.3,1000,35539.7,16864,8,169
1781953875.318,1915.0,91.87,68.32,69.87,71.15,9975.4,117823.4,0.3,1000,35539.7,16928,8,169
1781953878.318,1918.0,91.09,88.63,74.06,72.5,9898.8,117899.9,0.3,1000,35539.7,17120,8,169
1781953881.318,1921.0,92.9,88.63,74.06,72.5,9963.1,117835.7,0.3,1000,35539.7,17056,5,169
1781953884.318,1924.0,94.82,99.71,76.6,73.33,9775.3,118023.5,0.3,1000,35539.7,17120,5,169
1781953887.319,1927.0,94.38,94.77,75.96,73.14,9953.8,117845.0,0.3,1000,35539.7,17248,5,169
1781953890.319,1930.0,95.03,94.77,75.96,73.14,9804.1,117994.7,0.3,1000,35539.7,17184,5,169
1781953893.319,1933.0,92.37,92.63,75.82,73.11,9834.3,117964.5,0.3,1000,35539.7,17120,10,171
1781953896.319,1936.0,92.92,92.63,75.82,73.11,9824.1,117974.7,0.3,1000,35539.7,17056,10,171
1781953899.319,1939.0,94.01,88.49,75.25,72.93,9797.6,118001.2,0.3,1000,35539.7,17056,10,171
1781953902.319,1942.0,90.96,88.85,75.54,73.04,9948.4,117850.4,0.3,1000,35539.7,17120,10,171
1781953905.319,1945.0,91.38,88.85,75.54,73.04,9882.4,117916.4,0.3,1000,35539.7,17120,12,173
1781953908.32,1948.0,93.51,86.54,75.28,72.97,9834.6,117964.3,0.3,1000,35539.7,17184,12,173
1781953911.32,1951.0,91.52,86.54,75.28,72.97,9812.0,117986.9,0.3,1000,35539.7,17184,12,173
1781953914.32,1954.0,92.42,82.74,74.68,72.79,9905.3,117893.6,0.3,1000,35539.7,17184,12,173
1781953917.32,1957.0,91.35,91.25,76.58,73.41,9997.0,117801.9,0.3,1000,35539.7,17184,6,173
1781953920.32,1960.0,92.33,91.25,76.58,73.41,9838.7,117960.2,0.3,1000,35539.7,17184,6,173
1781953923.321,1963.0,91.99,89.22,76.4,73.37,9866.0,117933.0,0.3,1000,35539.7,17184,6,173
1781953926.321,1966.0,93.47,89.22,76.4,73.37,9967.5,117831.4,0.3,1000,35539.7,17248,6,173
1781953929.321,1969.0,92.21,93.13,77.43,73.72,9920.9,117878.0,0.3,1000,35539.7,17248,6,173
1781953932.321,1972.0,90.41,89.04,76.84,73.55,9825.8,117973.1,0.3,1000,35539.7,17248,6,173
1781953935.321,1975.0,92.19,89.04,76.84,73.55,9820.5,117978.5,0.3,1000,35539.7,17184,6,173
1781953938.321,1978.0,93.33,90.95,77.44,73.76,9835.4,117963.5,0.3,1000,35539.7,17248,6,173
1781953941.321,1981.0,92.32,90.95,77.44,73.76,9982.8,117816.2,0.3,1000,35539.7,17312,5,173
1781953944.321,1984.0,89.36,118.35,83.34,75.69,9855.5,117943.5,0.3,1000,35539.7,17376,5,173
1781953947.321,1987.0,92.38,112.07,82.62,75.5,9977.1,117821.8,0.3,1000,35539.7,17376,5,173
1781953950.321,1990.0,94.36,112.07,82.62,75.5,9969.9,117829.1,0.3,1000,35539.7,17312,5,173
1781953953.322,1993.0,93.62,106.78,82.01,75.34,9831.3,117967.6,0.3,1000,35539.7,17312,14,174
1781953956.322,1996.0,92.3,106.78,82.01,75.34,9834.6,117964.4,0.3,1000,35539.7,17248,14,174
1781953959.322,1999.0,94.0,102.47,81.53,75.22,9819.0,117980.1,0.3,1000,35539.7,17248,14,174
1781953962.322,2002.0,94.78,101.55,81.69,75.31,9803.1,117996.0,0.3,1000,35539.7,17248,14,174
1781953965.322,2005.0,93.11,101.55,81.69,75.31,9876.5,117922.6,0.3,1000,35539.7,17184,5,174
1781953968.323,2008.0,91.92,98.15,81.31,75.22,9890.2,117908.9,0.3,1000,35539.7,16992,5,174
1781953971.323,2011.0,92.05,98.15,81.31,75.22,9846.0,117953.2,0.3,1000,35539.7,16992,5,174
1781953974.323,2014.0,94.2,97.65,81.49,75.31,9942.5,117856.6,0.3,1000,35539.7,16992,5,174
1781953977.323,2017.0,93.55,110.09,84.34,76.26,9923.8,117875.4,0.3,1000,35539.7,16992,11,174
1781953980.324,2020.0,94.61,110.09,84.34,76.26,9782.1,118017.1,0.3,1000,35539.7,16992,11,174
1781953983.324,2023.0,95.32,111.21,85.0,76.52,9801.3,117997.8,0.3,1000,35539.7,16928,11,174
1781953986.324,2026.0,93.5,111.21,85.0,76.52,9841.0,117958.1,0.3,1000,35539.7,16864,11,174
1781953989.327,2029.0,94.07,116.48,86.52,77.06,9833.3,117965.9,0.3,1000,35539.7,16864,11,174
1781953992.327,2032.0,93.87,111.71,86.03,76.95,9805.1,117994.0,0.3,1000,35539.7,16864,11,174
1781953995.327,2035.0,92.1,111.71,86.03,76.95,9993.5,117805.6,0.3,1000,35539.7,16928,11,174
1781953998.327,2038.0,93.8,108.69,85.83,76.94,9907.5,117891.7,0.3,1000,35539.7,16928,11,174
1781954001.327,2041.0,93.01,108.69,85.83,76.94,9877.3,117921.9,0.3,1000,35539.7,16864,5,174
1781954004.328,2044.0,92.93,103.83,85.2,76.78,9879.7,117919.5,0.3,1000,35539.7,16928,5,174
1781954007.328,2047.0,93.71,104.17,85.58,76.95,9903.3,117895.9,0.3,1000,35539.7,16992,5,174
1781954010.328,2050.0,94.16,104.17,85.58,76.95,9790.6,118008.6,0.3,1000,35539.7,16992,5,174
1781954013.328,2053.0,93.51,101.19,85.27,76.89,9788.0,118011.2,0.3,1000,35539.7,16992,9,175
1781954016.328,2056.0,94.1,101.19,85.27,76.89,9865.1,117934.1,0.3,1000,35539.7,17056,9,175
1781954019.328,2059.0,94.55,96.53,84.57,76.71,9916.4,117882.7,0.3,1000,35539.7,17120,9,175
1781954022.329,2062.0,92.71,93.12,84.06,76.59,10002.8,117796.3,0.3,1000,35539.7,17184,9,175
1781954025.329,2065.0,94.04,93.12,84.06,76.59,9959.5,117839.6,0.3,1000,35539.7,17312,9,175
1781954028.33,2068.0,92.37,91.19,83.81,76.55,9950.2,117849.0,0.3,1000,35539.7,17376,9,175
1781954031.33,2071.0,94.09,91.19,83.81,76.55,9874.2,117925.0,0.3,1000,35539.7,17376,9,175
1781954034.33,2074.0,93.72,87.73,83.22,76.4,9777.1,118022.1,0.3,1000,35539.7,17376,9,175
1781954037.33,2077.0,94.47,87.59,83.27,76.45,9925.1,117874.1,0.3,1000,35539.7,17440,6,175
1781954040.33,2080.0,92.68,87.59,83.27,76.45,9869.6,117929.6,0.3,1000,35539.7,17440,6,175
1781954043.33,2083.0,92.13,87.07,83.23,76.47,9803.1,117996.2,0.3,1000,35539.7,17440,6,175
1781954046.331,2086.0,93.28,87.07,83.23,76.47,9862.7,117936.5,0.3,1000,35539.7,17504,6,175
1781954049.331,2089.0,94.18,83.62,82.58,76.3,9817.2,117982.1,0.3,1000,35539.7,17568,6,175
1781954052.331,2092.0,93.64,88.45,83.6,76.66,9874.4,117924.8,0.3,1000,35539.7,17568,6,175
1781954055.332,2095.0,93.9,88.45,83.6,76.66,9864.5,117934.7,0.3,1000,35539.7,17504,6,175
1781954058.332,2098.0,94.75,90.34,84.07,76.85,9858.8,117936.5,0.3,1000,35539.7,17504,6,175
1781954061.332,2101.0,93.32,90.34,84.07,76.85,9805.7,117993.5,0.3,1000,35539.7,17504,8,175
1781954064.332,2104.0,93.59,86.47,83.37,76.66,9913.3,117885.9,0.3,1000,35539.7,17632,8,175
1781954067.332,2107.0,92.51,83.39,82.78,76.51,9803.2,117996.0,0.3,1000,35539.7,17376,8,175
1781954070.332,2110.0,94.18,83.39,82.78,76.51,9870.8,117928.4,0.3,1000,35539.7,17376,8,175
1781954073.332,2113.0,93.56,96.17,85.44,77.4,9879.0,117920.3,0.3,1000,35539.7,17376,8,175
1781954076.333,2116.0,93.59,96.17,85.44,77.4,9856.5,117942.8,0.3,1000,35539.7,17312,8,175
1781954079.333,2119.0,93.45,146.84,96.13,80.9,9835.7,117963.6,0.3,1000,35539.7,17440,8,175
1781954082.333,2122.0,92.4,141.49,95.86,80.9,9883.4,117915.8,0.3,1000,35539.7,17376,8,175
1781954085.335,2125.0,92.39,141.49,95.86,80.9,9897.1,117902.2,0.3,1000,35539.7,17440,12,175
1781954088.335,2128.0,94.2,135.13,95.3,80.8,9883.8,117915.4,0.3,1000,35539.7,17504,12,175
1781954091.336,2131.0,94.93,135.13,95.3,80.8,9866.9,117932.4,0.3,1000,35539.7,17440,12,175
1781954094.337,2134.0,95.97,127.59,94.39,80.58,9824.9,117974.5,0.3,1000,35539.7,17504,12,175
1781954097.34,2137.0,94.33,120.09,93.39,80.33,9823.9,117975.4,0.3,1000,35539.7,17440,6,175
1781954100.34,2140.0,95.18,120.09,93.39,80.33,9881.2,117918.1,0.3,1000,35539.7,17504,6,175
1781954103.34,2143.0,92.32,114.88,92.75,80.2,9808.7,117990.6,0.3,1000,35539.7,17504,6,175
1781954106.341,2146.0,95.45,114.88,92.75,80.2,9843.5,117955.9,0.3,1000,35539.7,17504,6,175
1781954109.341,2149.0,93.4,119.45,94.07,80.69,9827.8,117971.6,0.3,1000,35539.7,17504,6,175
1781954112.341,2152.0,93.67,116.62,93.9,80.71,9882.9,117916.5,0.3,1000,35539.7,17504,6,175
1781954115.341,2155.0,93.83,116.62,93.9,80.71,9953.4,117846.0,0.3,1000,35539.7,17376,6,175
1781954118.341,2158.0,94.48,110.48,93.01,80.49,9860.4,117939.1,0.3,1000,35539.7,17184,6,175
1781954121.341,2161.0,93.64,110.48,93.01,80.49,9769.8,118029.6,0.3,1000,35539.7,17184,12,175
1781954124.341,2164.0,94.92,105.32,92.23,80.3,9841.9,117957.6,0.3,1000,35539.7,17312,12,175
1781954127.341,2167.0,93.73,100.97,91.54,80.15,9823.0,117976.4,0.3,1000,35539.7,17312,12,175
1781954130.341,2170.0,93.3,100.97,91.54,80.15,9821.4,117978.0,0.3,1000,35539.7,17376,12,175
1781954133.341,2173.0,92.99,95.92,90.65,79.92,9866.2,117933.2,0.3,1000,35539.7,17376,5,175
1781954136.342,2176.0,94.76,95.92,90.65,79.92,9856.1,117943.4,0.3,1000,35539.7,17504,5,175
1781954139.342,2179.0,94.7,91.21,89.76,79.69,9940.6,117858.8,0.3,1000,35539.7,17440,5,175
1781954142.342,2182.0,93.65,90.47,89.63,79.7,9837.4,117962.0,0.3,1000,35539.7,17504,5,175
1781954145.342,2185.0,95.2,90.47,89.63,79.7,9752.6,118046.9,0.3,1000,35539.7,17504,13,177
1781954148.342,2188.0,91.44,87.15,88.96,79.54,9805.2,117994.2,0.3,1000,35539.7,17504,13,177
1781954151.342,2191.0,94.09,87.15,88.96,79.54,9875.3,117924.1,0.3,1000,35539.7,17504,13,177
1781954154.342,2194.0,93.22,85.13,88.51,79.44,9873.0,117926.5,0.3,1000,35539.7,17504,13,177
1781954157.344,2197.0,95.0,83.36,88.09,79.35,9799.8,117999.7,0.3,1000,35539.7,17440,6,177
1781954160.344,2200.0,93.91,83.36,88.09,79.35,9814.6,117984.9,0.3,1000,35539.7,17440,6,177
1781954163.344,2203.0,96.34,83.89,88.12,79.41,9784.7,118014.7,0.3,1000,35539.7,17504,6,177
1781954166.344,2206.0,94.45,83.89,88.12,79.41,9797.4,118002.1,0.3,1000,35539.7,17376,6,177
1781954169.344,2209.0,93.1,81.18,87.48,79.25,9825.9,117973.6,0.3,1000,35539.7,17376,6,177
1781954172.344,2212.0,91.96,79.4,87.01,79.14,9891.8,117907.8,0.3,1000,35539.7,17440,6,177
1781954175.344,2215.0,93.77,79.4,87.01,79.14,9808.5,117991.1,0.3,1000,35539.7,17440,6,177
1781954178.344,2218.0,92.42,76.97,86.38,78.98,9819.8,117979.8,0.3,1000,35539.7,17440,6,177
1781954181.344,2221.0,94.42,76.97,86.38,78.98,9937.1,117862.5,0.3,1000,35539.7,17440,13,177
1781954184.344,2224.0,94.75,78.57,86.56,79.08,9882.4,117917.2,0.3,1000,35539.7,17568,13,177
1781954187.345,2227.0,92.28,78.85,86.48,79.1,9815.6,117984.0,0.3,1000,35539.7,17504,13,177
1781954190.345,2230.0,94.06,78.85,86.48,79.1,9877.2,117922.4,0.3,1000,35539.7,17568,13,177
1781954193.345,2233.0,93.53,77.9,86.16,79.03,9815.8,117983.8,0.3,1000,35539.7,17568,6,177
1781954196.345,2236.0,92.38,77.9,86.16,79.03,9852.6,117947.1,0.3,1000,35539.7,17568,6,177
1781954199.346,2239.0,92.71,80.55,86.57,79.2,9907.7,117892.0,0.3,1000,35539.7,17568,6,177
1781954202.346,2242.0,94.25,86.51,87.71,79.61,9841.9,117957.7,0.3,1000,35539.7,17504,6,177
1781954205.365,2245.0,93.26,86.51,87.71,79.61,9896.6,117903.1,0.3,1000,35539.7,17504,11,177
1781954208.365,2248.0,94.33,89.99,88.41,79.88,9853.6,117946.0,0.3,1000,35539.7,17376,11,177
1781954211.365,2251.0,94.36,89.99,88.41,79.88,9812.6,117987.1,0.3,1000,35539.7,17376,11,177
1781954214.366,2254.0,93.38,100.81,90.68,80.66,9795.5,118004.1,0.3,1000,35539.7,17312,11,177
1781954217.366,2257.0,92.48,99.06,90.48,80.65,9871.4,117928.2,0.3,1000,35539.7,17248,6,177
1781954220.366,2260.0,92.65,99.06,90.48,80.65,9821.1,117978.5,0.3,1000,35539.7,17312,6,177
1781954223.366,2263.0,92.99,95.37,89.86,80.5,9880.4,117919.2,0.3,1000,35539.7,17376,6,177
1781954226.366,2266.0,95.01,95.37,89.86,80.5,9876.6,117923.1,0.3,1000,35539.7,17312,6,177
1781954229.366,2269.0,93.69,91.26,89.1,80.31,9896.1,117903.5,0.3,1000,35539.7,17312,6,177
1781954232.366,2272.0,92.59,89.15,88.7,80.22,9814.5,117985.1,0.3,1000,35539.7,17248,6,177
1781954235.367,2275.0,92.88,89.15,88.7,80.22,9841.6,117958.1,0.3,1000,35539.7,17248,6,177
1781954238.368,2278.0,93.55,87.78,88.42,80.18,9907.6,117892.1,0.3,1000,35539.7,17248,6,177
1781954241.368,2281.0,93.65,87.78,88.42,80.18,9813.7,117986.0,0.3,1000,35539.7,17248,11,177
1781954244.368,2284.0,92.71,99.49,90.84,81.01,9862.0,117937.6,0.3,1000,35539.7,17248,11,177
1781954247.368,2287.0,92.96,97.85,90.64,80.99,9812.6,117987.1,0.3,1000,35539.7,17312,11,177
1781954250.369,2290.0,94.29,97.85,90.64,80.99,9816.7,117982.9,0.3,1000,35539.7,17312,11,177
1781954253.369,2293.0,93.2,93.05,89.77,80.76,9928.5,117871.2,0.3,1000,35539.7,17312,5,177
1781954256.369,2296.0,92.03,93.05,89.77,80.76,9871.3,117928.4,0.3,1000,35539.7,17248,5,177
1781954259.369,2299.0,92.31,89.69,89.12,80.6,9916.0,117883.6,0.3,1000,35539.7,17376,5,177
1781954262.369,2302.0,91.54,86.35,88.44,80.43,9801.9,117997.8,0.3,1000,35539.7,17376,5,177
1781954265.369,2305.0,93.13,86.35,88.44,80.43,9784.4,118015.3,0.3,1000,35539.7,17312,5,177
1781954268.369,2308.0,94.13,83.12,87.73,80.24,9838.4,117961.3,0.3,1000,35539.7,17248,5,177
1781954271.369,2311.0,95.23,83.12,87.73,80.24,9860.2,117939.5,0.3,1000,35539.7,17184,5,177
1781954274.369,2314.0,93.02,80.54,87.12,80.09,9868.5,117931.2,0.3,1000,35539.7,17184,5,177
1781954277.369,2317.0,91.99,82.18,87.36,80.2,9896.7,117903.0,0.3,1000,35539.7,17184,11,177
1781954280.369,2320.0,93.33,82.18,87.36,80.2,9898.8,117900.9,0.3,1000,35539.7,17056,11,177
1781954283.37,2323.0,92.4,82.81,87.4,80.25,9901.6,117898.1,0.3,1000,35539.7,16928,11,177
1781954286.37,2326.0,92.63,82.81,87.4,80.25,10005.6,117794.2,0.3,1000,35539.7,16928,11,177
1781954289.37,2329.0,92.81,79.94,86.73,80.07,9797.0,118002.7,0.3,1000,35539.7,16864,11,177
1781954292.381,2332.0,90.21,77.46,86.1,79.91,9928.7,117871.0,0.3,1000,35539.7,16992,11,177
1781954295.381,2335.0,94.84,77.46,86.1,79.91,9807.3,117992.4,0.3,1000,35539.7,16928,11,177
1781954298.381,2338.0,93.51,79.19,86.32,80.01,9931.6,117868.2,0.3,1000,35539.7,16928,11,177
1781954301.381,2341.0,93.67,79.19,86.32,80.01,9845.1,117954.7,0.3,1000,35539.7,16992,6,177
1781954304.381,2344.0,94.59,77.89,85.93,79.92,9859.4,117940.3,0.3,1000,35539.7,17248,6,177
1781954307.382,2347.0,93.55,75.98,85.4,79.78,10009.3,117790.4,0.3,1000,35539.7,17248,6,177
1781954310.382,2350.0,92.39,75.98,85.4,79.78,9872.6,117927.2,0.3,1000,35539.7,17120,6,177
1781954313.382,2353.0,94.88,76.94,85.44,79.82,9859.0,117940.7,0.3,1000,35539.7,17184,10,177
1781954316.382,2356.0,93.05,76.94,85.44,79.82,9926.2,117873.6,0.3,1000,35539.7,17312,10,177
1781954319.382,2359.0,94.02,87.2,87.43,80.49,9925.9,117873.8,0.3,1000,35539.7,17376,10,177
1781954322.383,2362.0,93.91,90.06,88.02,80.72,9867.7,117932.1,0.3,1000,35539.7,17312,10,177
1781954325.383,2365.0,92.93,90.06,88.02,80.72,9841.6,117958.3,0.3,1000,35539.7,17312,10,177
1781954328.383,2368.0,91.22,86.69,87.35,80.55,9870.4,117929.4,0.3,1000,35539.7,17376,10,177
1781954331.383,2371.0,94.53,86.69,87.35,80.55,9794.3,118005.5,0.3,1000,35539.7,17376,10,177
1781954334.384,2374.0,95.26,82.88,86.55,80.32,9847.0,117952.8,0.3,1000,35539.7,17376,10,177
1781954337.384,2377.0,93.01,79.76,85.84,80.13,9983.5,117816.4,0.3,1000,35539.7,17376,8,177
1781954340.385,2380.0,92.82,79.76,85.84,80.13,9936.3,117863.6,0.3,1000,35539.7,17312,8,177
1781954343.385,2383.0,94.88,91.55,88.19,80.92,9876.2,117923.6,0.3,1000,35539.7,17248,8,177
1781954346.387,2386.0,93.15,91.55,88.19,80.92,9903.6,117896.2,0.3,1000,35539.7,17312,8,177
1781954349.387,2389.0,95.63,87.58,87.42,80.71,9889.8,117910.0,0.3,1000,35539.7,17312,8,177
1781954352.387,2392.0,92.67,87.38,87.38,80.73,9868.9,117931.0,0.3,1000,35539.7,17248,8,177
1781954355.387,2395.0,94.01,87.38,87.38,80.73,9873.5,117926.3,0.3,1000,35539.7,17312,8,177
1781954358.388,2398.0,94.63,87.03,87.31,80.74,9848.4,117951.5,0.3,1000,35539.7,17248,8,177
1781954361.388,2401.0,94.78,87.03,87.31,80.74,9842.7,117957.2,0.3,1000,35539.7,17248,11,177
1781954364.388,2404.0,95.03,85.1,86.9,80.65,9870.6,117929.2,0.3,1000,35539.7,17184,11,177
1781954367.388,2407.0,94.39,81.57,86.14,80.43,9906.9,117893.0,0.3,1000,35539.7,17184,11,177
1781954370.388,2410.0,93.8,81.57,86.14,80.43,9865.8,117934.1,0.3,1000,35539.7,17056,11,177
1781954373.388,2413.0,95.33,99.3,89.74,81.63,9817.3,117982.5,0.3,1000,35539.7,17120,6,177
1781954376.388,2416.0,95.64,99.3,89.74,81.63,9808.3,117991.6,0.3,1000,35539.7,17056,6,177
1781954379.391,2419.0,93.81,95.75,89.16,81.49,9960.9,117839.0,0.3,1000,35539.7,17120,6,177
1781954382.391,2422.0,95.66,94.81,89.08,81.5,9844.1,117955.7,0.3,1000,35539.7,17056,6,177
1781954385.391,2425.0,94.1,94.81,89.08,81.5,9833.0,117966.9,0.3,1000,35539.7,16992,6,177
1781954388.391,2428.0,93.64,91.79,88.55,81.37,9850.2,117949.6,0.3,1000,35539.7,17056,6,177
1781954391.392,2431.0,95.7,91.79,88.55,81.37,9837.2,117962.7,0.3,1000,35539.7,16992,6,177
1781954394.392,2434.0,93.89,106.22,91.59,82.39,9907.6,117892.3,0.3,1000,35539.7,16992,6,177
1781954397.392,2437.0,94.48,107.72,92.15,82.62,9835.0,117964.8,0.3,1000,35539.7,16928,15,178
1781954400.392,2440.0,93.87,107.72,92.15,82.62,9853.6,117946.3,0.3,1000,35539.7,17056,15,178
1781954403.392,2443.0,94.26,103.5,91.53,82.47,9876.3,117923.6,0.3,1000,35539.7,17120,15,178
1781954406.392,2446.0,94.29,103.5,91.53,82.47,9890.5,117909.4,0.3,1000,35539.7,17056,15,178
1781954409.393,2449.0,94.46,99.45,90.89,82.31,9895.7,117904.2,0.3,1000,35539.7,17120,15,178
1781954412.393,2452.0,93.94,116.4,94.54,83.54,9902.6,117897.3,0.3,1000,35539.7,17120,15,178
1781954415.394,2455.0,95.17,116.4,94.54,83.54,9843.9,117956.1,0.3,1000,35539.7,16992,15,178
1781954418.394,2458.0,93.97,117.81,95.2,83.81,9821.8,117978.1,0.3,1000,35539.7,16928,15,178
1781954421.394,2461.0,92.72,117.81,95.2,83.81,9897.5,117902.4,0.3,1000,35539.7,16992,9,178
1781954424.394,2464.0,94.11,118.86,95.79,84.07,9796.3,118003.6,0.3,1000,35539.7,16928,9,178
1781954427.394,2467.0,94.57,119.03,96.21,84.27,9833.6,117966.4,0.3,1000,35539.7,16928,9,178
1781954430.395,2470.0,93.07,119.03,96.21,84.27,9902.4,117897.6,0.3,1000,35539.7,16864,9,178
1781954433.395,2473.0,94.09,115.19,95.79,84.2,9760.4,118039.6,0.3,1000,35539.7,16928,6,178
1781954436.395,2476.0,95.83,115.19,95.79,84.2,9796.9,118003.1,0.3,1000,35539.7,16736,6,178
1781954439.399,2479.0,95.4,109.73,94.98,84.0,9779.5,118020.5,0.3,1000,35539.7,16800,6,178
1781954442.399,2482.0,94.85,104.46,94.14,83.78,9909.1,117891.0,0.3,1000,35539.7,16800,6,178
1781954445.399,2485.0,94.09,104.46,94.14,83.78,9814.4,117985.6,0.3,1000,35539.7,16864,11,179
1781954448.399,2488.0,94.59,104.51,94.32,83.89,9808.3,117991.8,0.3,1000,35539.7,16928,11,179
1781954451.4,2491.0,93.06,104.51,94.32,83.89,9854.4,117945.7,0.3,1000,35539.7,17056,11,179
1781954454.4,2494.0,95.21,99.26,93.4,83.65,9871.3,117928.8,0.3,1000,35539.7,17056,11,179
1781954457.4,2497.0,94.66,96.6,92.94,83.56,9813.0,117987.1,0.3,1000,35539.7,16928,11,179
1781954460.4,2500.0,93.53,96.6,92.94,83.56,9810.3,117989.8,0.3,1000,35539.7,16928,11,179
1781954463.4,2503.0,96.06,91.98,92.05,83.32,9916.3,117883.8,0.3,1000,35539.7,16864,11,179
1781954466.4,2506.0,94.43,91.98,92.05,83.32,9858.3,117941.8,0.3,1000,35539.7,16864,11,179
1781954469.4,2509.0,95.38,87.82,91.18,83.09,9885.1,117915.1,0.3,1000,35539.7,16928,11,179
1781954472.402,2512.0,95.63,84.63,90.47,82.9,9944.3,117855.8,0.3,1000,35539.7,16800,11,179
1781954475.402,2515.0,95.3,84.63,90.47,82.9,9864.6,117935.6,0.3,1000,35539.7,16800,11,179
1781954478.402,2518.0,96.46,82.26,89.88,82.75,9829.6,117970.6,0.3,1000,35539.7,16864,11,179
1781954481.402,2521.0,95.48,82.26,89.88,82.75,9844.6,117955.6,0.3,1000,35539.7,16800,6,179
1781954484.403,2524.0,95.64,79.36,89.15,82.55,9806.0,117994.2,0.3,1000,35539.7,16800,6,179
1781954487.403,2527.0,94.94,77.48,88.6,82.41,9872.6,117927.7,0.3,1000,35539.7,16800,6,179
1781954490.403,2530.0,95.47,77.48,88.6,82.41,9862.2,117938.1,0.3,1000,35539.7,16800,6,179
1781954493.403,2533.0,95.0,75.36,87.97,82.24,9873.5,117926.8,0.3,1000,35539.7,16800,11,179
1781954496.403,2536.0,94.49,75.36,87.97,82.24,9838.9,117961.3,0.3,1000,35539.7,16736,11,179
1781954499.403,2539.0,95.1,75.58,87.81,82.21,9874.6,117925.7,0.3,1000,35539.7,16736,11,179
1781954502.403,2542.0,95.49,73.69,87.21,82.05,9838.6,117961.7,0.3,1000,35539.7,16736,11,179
1781954505.404,2545.0,93.68,73.69,87.21,82.05,9815.4,117984.9,0.3,1000,35539.7,16736,6,179
1781954508.404,2548.0,95.48,70.75,86.38,81.81,9837.4,117962.9,0.3,1000,35539.7,16736,6,179
1781954511.404,2551.0,95.15,70.75,86.38,81.81,9841.7,117958.6,0.3,1000,35539.7,16736,6,179
1781954514.404,2554.0,95.2,69.49,85.86,81.67,9817.2,117983.1,0.3,1000,35539.7,16800,6,179
1781954517.404,2557.0,95.17,72.17,86.14,81.78,9899.7,117900.6,0.3,1000,35539.7,16736,12,180
1781954520.404,2560.0,94.42,72.17,86.14,81.78,9866.0,117934.3,0.3,1000,35539.7,16736,12,180
1781954523.404,2563.0,93.19,76.56,86.82,82.02,9882.2,117918.1,0.3,1000,35539.7,16736,12,180
1781954526.404,2566.0,93.8,76.56,86.82,82.02,9902.7,117897.6,0.3,1000,35539.7,16736,12,180
1781954529.404,2569.0,94.82,76.76,86.69,82.01,9912.8,117887.5,0.3,1000,35539.7,16672,12,180
1781954532.404,2572.0,92.98,75.58,86.28,81.9,9989.0,117811.3,0.3,1000,35539.7,16608,12,180
1781954535.404,2575.0,94.24,75.58,86.28,81.9,9919.6,117880.7,0.3,1000,35539.7,16736,12,180
1781954538.404,2578.0,92.73,73.37,85.65,81.72,9876.2,117924.1,0.3,1000,35539.7,16800,12,180
1781954541.405,2581.0,93.98,73.37,85.65,81.72,9889.9,117910.4,0.3,1000,35539.7,16800,7,179
1781954544.405,2584.0,92.41,76.3,86.05,81.87,9948.4,117851.9,0.3,1000,35539.7,16864,7,179
1781954547.405,2587.0,93.55,82.12,87.1,82.23,9931.7,117868.6,0.3,1000,35539.7,16864,7,179
1781954550.405,2590.0,94.08,82.12,87.1,82.23,9820.5,117979.8,0.3,1000,35539.7,16800,7,179
1781954553.405,2593.0,93.7,79.07,86.38,82.02,9977.4,117822.9,0.3,1000,35539.7,16928,14,180
1781954556.406,2596.0,94.37,79.07,86.38,82.02,9953.5,117846.8,0.3,1000,35539.7,16928,14,180
1781954559.406,2599.0,95.57,80.27,86.51,82.09,9877.3,117923.0,0.3,1000,35539.7,16928,14,180
1781954562.406,2602.0,92.23,76.64,85.65,81.84,9926.1,117874.2,0.3,1000,35539.7,16992,14,180
1781954565.408,2605.0,94.68,76.64,85.65,81.84,9880.1,117920.2,0.3,1000,35539.7,16864,6,180
1781954568.408,2608.0,94.41,73.71,84.89,81.61,9846.5,117953.9,0.3,1000,35539.7,16992,6,180
1781954571.408,2611.0,93.48,73.71,84.89,81.61,9892.6,117907.7,0.3,1000,35539.7,16992,6,180
1781954574.408,2614.0,93.79,73.01,84.56,81.52,9821.1,117979.2,0.3,1000,35539.7,17056,6,180
1781954577.408,2617.0,95.16,70.77,83.91,81.33,9875.8,117924.6,0.3,1000,35539.7,17120,8,180
1781954580.409,2620.0,94.7,70.77,83.91,81.33,9814.6,117985.7,0.3,1000,35539.7,17056,8,180
1781954583.409,2623.0,94.04,69.34,83.39,81.17,9859.6,117940.8,0.3,1000,35539.7,17056,8,180
1781954586.409,2626.0,91.7,69.34,83.39,81.17,9876.0,117924.4,0.3,1000,35539.7,16992,8,180
1781954589.415,2629.1,95.43,75.88,84.52,81.55,9855.6,117944.8,0.3,1000,35539.7,16992,8,180
1781954592.415,2632.1,94.8,79.25,85.07,81.74,9828.9,117971.6,0.3,1000,35539.7,17056,8,180
1781954595.415,2635.1,93.56,79.25,85.07,81.74,9889.7,117910.7,0.3,1000,35539.7,17120,8,180
1781954598.415,2638.1,93.11,76.99,84.51,81.58,9869.4,117931.0,0.3,1000,35539.7,17120,8,180
1781954601.415,2641.1,92.69,76.99,84.51,81.58,9861.5,117938.9,0.3,1000,35539.7,17056,8,180
1781954604.415,2644.1,93.46,75.39,84.05,81.45,9801.5,117999.0,0.3,1000,35539.7,17056,8,180
1781954607.416,2647.1,93.57,72.56,83.32,81.22,9846.8,117953.6,0.3,1000,35539.7,17056,8,180
1781954610.416,2650.1,94.39,72.56,83.32,81.22,9849.1,117951.4,0.3,1000,35539.7,17120,8,180
1781954613.416,2653.1,92.94,69.63,82.53,80.98,9834.7,117965.7,0.3,1000,35539.7,16992,10,180
1781954616.416,2656.1,94.05,69.63,82.53,80.98,9905.9,117894.6,0.3,1000,35539.7,16928,10,180
1781954619.416,2659.1,94.74,66.37,81.64,80.7,9862.6,117937.9,0.3,1000,35539.7,16928,10,180
1781954622.416,2662.1,95.17,68.83,81.9,80.79,9844.5,117956.0,0.3,1000,35539.7,16928,10,180
1781954625.417,2665.1,94.41,68.83,81.9,80.79,9837.1,117963.4,0.3,1000,35539.7,16864,5,180
1781954628.417,2668.1,93.87,67.4,81.38,80.63,9869.7,117930.8,0.3,1000,35539.7,16928,5,180
1781954631.417,2671.1,93.81,67.4,81.38,80.63,9811.9,117988.6,0.3,1000,35539.7,16864,5,180
1781954634.42,2674.1,93.18,66.25,80.91,80.48,9851.2,117949.2,0.3,1000,35539.7,16672,5,180
1781954637.421,2677.1,92.28,65.19,80.45,80.33,9877.8,117922.7,0.3,1000,35539.7,16672,6,180
1781954640.421,2680.1,93.01,65.19,80.45,80.33,9853.0,117947.5,0.3,1000,35539.7,16672,6,180
1781954643.421,2683.1,92.47,65.01,80.16,80.24,9868.2,117932.4,0.3,1000,35539.7,16736,6,180
1781954646.421,2686.1,93.29,65.01,80.16,80.24,9823.3,117977.2,0.3,1000,35539.7,16672,6,180
1781954649.421,2689.1,91.99,74.78,81.93,80.81,9771.1,118029.5,0.3,1000,35539.7,16736,6,180
1781954652.421,2692.1,94.97,129.17,93.09,84.43,9840.8,117959.8,0.3,1000,35539.7,16800,6,180
1781954655.421,2695.1,94.0,129.17,93.09,84.43,9838.5,117962.1,0.3,1000,35539.7,16800,6,180
1781954658.421,2698.1,94.97,123.07,92.42,84.26,9841.7,117958.8,0.3,1000,35539.7,16928,6,180
1781954661.421,2701.1,96.34,123.07,92.42,84.26,9840.0,117960.5,0.3,1000,35539.7,16928,11,179
1781954664.422,2704.1,96.09,116.66,91.6,84.04,9809.8,117990.7,0.3,1000,35539.7,16864,11,179
1781954667.422,2707.1,95.27,111.32,90.91,83.86,9848.8,117951.8,0.3,1000,35539.7,16992,11,179
1781954670.422,2710.1,93.28,111.32,90.91,83.86,9808.4,117992.1,0.3,1000,35539.7,16992,11,179
1781954673.422,2713.1,93.93,105.53,90.05,83.61,9851.6,117949.0,0.3,1000,35539.7,16992,5,179
1781954676.422,2716.1,95.55,105.53,90.05,83.61,9818.1,117982.5,0.3,1000,35539.7,16992,5,179
1781954679.423,2719.1,95.91,100.36,89.24,83.39,9852.2,117948.4,0.3,1000,35539.7,16928,5,179
1781954682.423,2722.1,92.96,95.69,88.45,83.16,9840.9,117959.8,0.3,1000,35539.7,16864,5,179
1781954685.423,2725.1,95.18,95.69,88.45,83.16,9808.7,117991.9,0.3,1000,35539.7,16992,9,180
1781954688.423,2728.1,94.38,91.07,87.61,82.92,9841.4,117959.3,0.3,1000,35539.7,17056,9,180
1781954691.423,2731.1,96.22,91.07,87.61,82.92,9844.4,117956.3,0.3,1000,35539.7,17056,9,180
1781954694.423,2734.1,95.79,88.02,87.04,82.76,9827.9,117972.7,0.3,1000,35539.7,17120,9,180
1781954697.423,2737.1,94.61,87.78,87.0,82.77,9844.4,117956.2,0.3,1000,35539.7,17120,10,180
1781954700.423,2740.1,92.04,87.78,87.0,82.77,9838.1,117962.6,0.3,1000,35539.7,17120,10,180
1781954703.423,2743.1,94.47,85.47,86.54,82.64,9790.8,118009.9,0.3,1000,35539.7,17184,10,180
1781954706.425,2746.1,94.21,85.47,86.54,82.64,9823.7,117977.0,0.3,1000,35539.7,17184,10,180
1781954709.425,2749.1,95.81,81.67,85.73,82.4,9857.5,117943.2,0.3,1000,35539.7,17184,10,180
1781954712.425,2752.1,93.59,80.74,85.47,82.34,9839.1,117961.6,0.3,1000,35539.7,17248,10,180
1781954715.425,2755.1,95.26,80.74,85.47,82.34,9839.0,117961.7,0.3,1000,35539.7,17248,10,180
1781954718.426,2758.1,92.85,79.56,85.15,82.25,9827.2,117973.5,0.3,1000,35539.7,17184,10,180
1781954721.426,2761.1,91.8,79.56,85.15,82.25,9901.6,117899.1,0.3,1000,35539.7,17312,5,180
1781954724.426,2764.1,93.65,78.23,84.78,82.14,9801.4,117999.3,0.3,1000,35539.7,17120,5,180
1781954727.426,2767.1,94.25,78.77,84.78,82.16,9848.3,117952.4,0.3,1000,35539.7,17056,5,180
1781954730.426,2770.1,94.51,78.77,84.78,82.16,9889.0,117911.7,0.3,1000,35539.7,16992,5,180
1781954733.426,2773.1,95.51,75.35,83.97,81.91,9941.5,117859.1,0.3,1000,35539.7,17120,5,180
1781954736.426,2776.1,94.49,75.35,83.97,81.91,9919.9,117880.8,0.3,1000,35539.7,17120,5,180
1781954739.429,2779.1,93.75,76.52,84.07,81.96,9811.1,117989.6,0.3,1000,35539.7,17056,5,180
1781954742.429,2782.1,94.02,74.4,83.51,81.78,9872.8,117927.9,0.3,1000,35539.7,17056,5,180
1781954745.43,2785.1,91.71,74.4,83.51,81.78,9789.6,118011.2,0.3,1000,35539.7,17056,11,184
1781954748.43,2788.1,94.99,74.52,83.38,81.75,9894.6,117906.1,0.3,1000,35539.7,17056,11,184
1781954751.43,2791.1,94.26,74.52,83.38,81.75,9910.0,117890.8,0.3,1000,35539.7,17120,11,184
1781954754.43,2794.1,90.6,71.6,82.63,81.52,9820.3,117980.5,0.3,1000,35539.7,17120,11,184
1781954757.43,2797.1,94.25,69.07,81.92,81.29,9841.7,117959.1,0.3,1000,35539.7,17056,5,185
1781954760.43,2800.1,94.95,69.07,81.92,81.29,9867.4,117933.4,0.3,1000,35539.7,16928,5,185
1781954763.431,2803.1,94.53,71.47,82.2,81.39,9860.4,117940.4,0.3,1000,35539.7,16928,5,185
1781954766.431,2806.1,94.59,71.47,82.2,81.39,9766.9,118033.9,0.3,1000,35539.7,16928,5,185
1781954769.431,2809.1,94.06,68.95,81.5,81.17,9849.3,117951.6,0.3,1000,35539.7,16928,5,185
1781954772.431,2812.1,94.7,70.55,81.63,81.21,9880.4,117920.5,0.3,1000,35539.7,16928,5,185
1781954775.431,2815.1,92.71,70.55,81.63,81.21,9941.8,117859.1,0.3,1000,35539.7,16992,5,185
1781954778.431,2818.1,92.96,68.59,81.04,81.02,9873.3,117927.6,0.3,1000,35539.7,16992,5,185
1781954781.431,2821.1,91.94,68.59,81.04,81.02,9862.1,117938.8,0.3,1000,35539.7,16928,11,187
1781954784.434,2824.1,94.45,69.58,81.04,81.02,9831.1,117969.8,0.3,1000,35539.7,16864,11,187
1781954787.434,2827.1,94.94,69.93,80.92,80.98,9859.9,117941.0,0.3,1000,35539.7,16864,11,187
1781954790.434,2830.1,92.01,69.93,80.92,80.98,9903.0,117897.9,0.3,1000,35539.7,16992,11,187
1781954793.434,2833.1,94.77,74.5,81.68,81.23,9885.7,117915.2,0.3,1000,35539.7,16928,6,188
1781954796.435,2836.1,93.19,74.5,81.68,81.23,9931.9,117869.0,0.3,1000,35539.7,16992,6,188
1781954799.435,2839.1,93.83,73.74,81.41,81.14,9885.4,117915.5,0.3,1000,35539.7,16992,6,188
1781954802.435,2842.1,93.02,70.88,80.69,80.91,9843.2,117957.7,0.3,1000,35539.7,16992,6,188
1781954805.436,2845.1,92.19,70.88,80.69,80.91,9986.0,117814.9,0.3,1000,35539.7,17120,11,188
1781954808.437,2848.1,94.77,69.29,80.19,80.75,9859.3,117941.7,0.3,1000,35539.7,17184,11,188
1781954811.437,2851.1,93.69,69.29,80.19,80.75,9878.4,117922.6,0.3,1000,35539.7,17056,11,188
1781954814.437,2854.1,93.92,68.86,79.92,80.66,9831.4,117969.6,0.3,1000,35539.7,17056,11,188
1781954817.437,2857.1,94.99,66.31,79.21,80.42,9919.1,117881.9,0.3,1000,35539.7,17056,6,188
1781954820.456,2860.1,91.93,66.31,79.21,80.42,9987.4,117813.6,0.3,1000,35539.7,16992,6,188
1781954823.456,2863.1,92.98,64.93,78.71,80.25,9961.3,117839.7,0.3,1000,35539.7,17056,6,188
1781954826.456,2866.1,92.61,64.93,78.71,80.25,9983.8,117817.2,0.3,1000,35539.7,17056,6,188
1781954829.456,2869.1,92.2,71.34,79.81,80.6,9864.7,117936.3,0.3,1000,35539.7,17056,6,188
1781954832.457,2872.1,93.65,71.15,79.63,80.54,9807.1,117993.9,0.3,1000,35539.7,16928,6,188
1781954835.457,2875.1,94.26,71.15,79.63,80.54,9899.8,117901.3,0.3,1000,35539.7,16864,6,188
1781954838.457,2878.1,93.12,68.26,78.89,80.29,9920.1,117881.0,0.3,1000,35539.7,16928,6,188
1781954841.457,2881.1,93.33,68.26,78.89,80.29,9901.6,117899.4,0.3,1000,35539.7,16928,8,188
1781954844.457,2884.1,94.54,70.56,79.19,80.38,9881.5,117919.5,0.3,1000,35539.7,16864,8,188
1781954847.457,2887.1,93.49,69.07,78.74,80.23,9921.0,117880.1,0.3,1000,35539.7,16864,8,188
1781954850.458,2890.1,93.3,69.07,78.74,80.23,9915.5,117885.5,0.3,1000,35539.7,16928,8,188
1781954853.46,2893.1,94.31,66.58,78.06,80.0,9908.1,117892.9,0.3,1000,35539.7,16928,8,188
1781954856.46,2896.1,94.9,66.58,78.06,80.0,9754.6,118046.4,0.3,1000,35539.7,17056,8,188
1781954859.46,2899.1,92.64,77.03,80.04,80.63,9845.3,117955.8,0.3,1000,35539.7,17056,8,188
1781954862.46,2902.1,94.73,81.59,80.93,80.92,9804.7,117996.3,0.3,1000,35539.7,17120,8,188
1781954865.461,2905.1,93.27,81.59,80.93,80.92,9907.4,117893.6,0.3,1000,35539.7,17184,6,188
1781954868.461,2908.1,95.13,79.06,80.42,80.75,9844.2,117956.8,0.3,1000,35539.7,17248,6,188
1781954871.461,2911.1,93.89,79.06,80.42,80.75,9886.1,117914.9,0.3,1000,35539.7,17248,6,188
1781954874.462,2914.1,95.13,76.17,79.8,80.55,9833.4,117967.7,0.3,1000,35539.7,17184,6,188
1781954877.462,2917.1,93.71,78.72,80.26,80.7,9921.9,117879.1,0.3,1000,35539.7,17184,14,188
1781954880.462,2920.1,93.47,78.72,80.26,80.7,9946.9,117854.2,0.3,1000,35539.7,17248,14,188
1781954883.463,2923.1,92.44,79.62,80.43,80.75,9904.7,117896.4,0.3,1000,35539.7,17184,14,188
1781954886.463,2926.1,92.18,79.62,80.43,80.75,9937.8,117863.3,0.3,1000,35539.7,17248,14,188
1781954889.463,2929.1,90.17,77.89,80.05,80.63,9978.4,117822.7,0.3,1000,35539.7,17312,14,188
1781954892.463,2932.1,92.29,75.18,79.45,80.43,9929.3,117871.8,0.3,1000,35539.7,17248,14,188
1781954895.463,2935.1,93.59,75.18,79.45,80.43,9813.3,117987.8,0.3,1000,35539.7,17248,14,188
1781954898.464,2938.1,93.06,75.96,79.55,80.45,9947.7,117853.4,0.3,1000,35539.7,17184,14,188
1781954901.464,2941.1,89.69,75.96,79.55,80.45,9876.5,117924.7,0.3,1000,35539.7,17248,9,188
1781954904.464,2944.1,93.83,79.57,80.24,80.67,9942.9,117858.2,0.3,1000,35539.7,17248,9,188
1781954907.465,2947.1,94.71,77.12,79.72,80.5,9846.4,117954.8,0.3,1000,35539.7,17184,9,188
1781954910.465,2950.1,94.93,77.12,79.72,80.5,9913.1,117888.0,0.3,1000,35539.7,17184,9,188
1781954913.465,2953.1,93.51,77.59,79.77,80.52,9898.5,117902.6,0.3,1000,35539.7,17120,14,188
1781954916.465,2956.1,94.65,77.59,79.77,80.52,9881.7,117919.5,0.3,1000,35539.7,17120,14,188
1781954919.466,2959.1,94.89,75.54,79.31,80.36,9964.4,117836.7,0.3,1000,35539.7,17120,14,188
1781954922.466,2962.1,94.07,72.78,78.67,80.15,9931.4,117869.7,0.3,1000,35539.7,17248,14,188
1781954925.467,2965.1,93.65,72.78,78.67,80.15,9915.5,117885.7,0.3,1000,35539.7,17312,6,188
1781954928.467,2968.1,91.55,96.02,83.39,81.67,9902.9,117898.3,0.3,1000,35539.7,17184,6,188
1781954931.467,2971.1,93.79,96.02,83.39,81.67,9855.6,117945.6,0.3,1000,35539.7,17248,6,188
1781954934.467,2974.1,93.43,104.66,85.4,82.33,9868.9,117932.3,0.3,1000,35539.7,17248,6,188
1781954937.467,2977.1,93.11,100.13,84.78,82.14,9861.5,117939.6,0.3,1000,35539.7,17120,13,188
1781954940.467,2980.1,93.34,100.13,84.78,82.14,9887.1,117914.1,0.3,1000,35539.7,17056,13,188
1781954943.467,2983.1,93.82,95.63,84.1,81.94,9875.4,117925.8,0.3,1000,35539.7,17120,13,188
1781954946.467,2986.1,93.06,95.63,84.1,81.94,9902.2,117899.0,0.3,1000,35539.7,17120,13,188
1781954949.467,2989.1,93.53,91.74,83.48,81.75,9874.7,117926.4,0.3,1000,35539.7,17056,13,188
1781954952.467,2992.1,94.29,93.12,83.91,81.9,9899.8,117901.4,0.3,1000,35539.7,16992,13,188
1781954955.467,2995.1,94.88,93.12,83.91,81.9,9860.9,117940.3,0.3,1000,35539.7,16992,13,188
1781954958.467,2998.1,93.39,89.19,83.24,81.69,9834.6,117966.6,0.3,1000,35539.7,17056,13,188
1781954961.468,3001.1,93.78,89.19,83.24,81.69,9819.7,117981.5,0.3,1000,35539.7,17120,6,188
1781954964.468,3004.1,93.43,86.05,82.69,81.52,9795.3,118005.9,0.3,1000,35539.7,17184,6,188
1781954967.471,3007.1,95.91,86.53,82.85,81.58,9819.4,117981.8,0.3,1000,35539.7,17120,6,188
1781954970.471,3010.1,94.19,86.53,82.85,81.58,9826.2,117975.1,0.3,1000,35539.7,17120,6,188
1781954973.471,3013.1,94.56,84.88,82.57,81.5,9873.0,117928.3,0.3,1000,35539.7,17120,10,190
1781954976.471,3016.1,95.71,84.88,82.57,81.5,9831.7,117969.6,0.3,1000,35539.7,17120,10,190
1781954979.471,3019.1,95.8,81.69,81.94,81.3,9834.5,117966.8,0.3,1000,35539.7,17120,10,190
1781954982.472,3022.1,95.04,78.03,81.18,81.06,9809.7,117991.5,0.3,1000,35539.7,17120,10,190
1781954985.472,3025.1,95.33,78.03,81.18,81.06,9834.6,117966.7,0.3,1000,35539.7,17184,5,190
1781954988.472,3028.1,94.96,76.26,80.76,80.92,9847.2,117954.0,0.3,1000,35539.7,17184,5,190
1781954991.472,3031.1,93.73,76.26,80.76,80.92,9818.5,117982.7,0.3,1000,35539.7,17248,5,190
1781954994.472,3034.1,93.13,73.28,80.07,80.69,9841.8,117959.4,0.3,1000,35539.7,17248,5,190
1781954997.472,3037.1,94.36,70.37,79.35,80.46,9818.7,117982.6,0.3,1000,35539.7,17312,11,190
1781955000.472,3040.1,94.32,70.37,79.35,80.46,9880.4,117920.8,0.3,1000,35539.7,17376,11,190
1781955003.472,3043.1,93.26,69.3,78.98,80.33,9881.2,117920.0,0.3,1000,35539.7,17312,11,190
1781955006.473,3046.1,94.88,69.3,78.98,80.33,9877.3,117924.0,0.3,1000,35539.7,17248,11,190
1781955009.473,3049.1,93.88,68.4,78.63,80.21,9847.0,117954.2,0.3,1000,35539.7,17312,11,190
1781955012.473,3052.1,94.23,66.76,78.12,80.04,9834.2,117967.1,0.3,1000,35539.7,17120,11,190
1781955015.473,3055.1,93.64,66.76,78.12,80.04,9861.4,117939.9,0.3,1000,35539.7,17120,11,190
1781955018.473,3058.1,94.28,67.02,77.99,79.99,9810.8,117990.4,0.3,1000,35539.7,17120,11,190
1781955021.473,3061.1,94.56,67.02,77.99,79.99,9821.3,117979.9,0.3,1000,35539.7,17184,5,190
1781955024.473,3064.1,95.79,65.34,77.46,79.8,9805.0,117996.2,0.3,1000,35539.7,17184,5,190
1781955027.474,3067.1,94.95,63.71,76.92,79.62,9834.7,117966.6,0.3,1000,35539.7,17184,5,190
1781955030.474,3070.1,94.37,63.71,76.92,79.62,9877.4,117923.9,0.3,1000,35539.7,17184,5,190
1781955033.474,3073.1,94.14,64.22,76.8,79.56,9825.6,117975.6,0.3,1000,35539.7,17184,10,190
1781955036.474,3076.1,95.26,64.22,76.8,79.56,9883.5,117917.8,0.3,1000,35539.7,17184,10,190
1781955039.474,3079.1,94.6,67.48,77.27,79.7,9885.3,117916.0,0.3,1000,35539.7,17120,10,190
1781955042.474,3082.1,94.79,65.92,76.78,79.53,9872.3,117929.0,0.3,1000,35539.7,17184,10,190
1781955045.474,3085.1,94.36,65.92,76.78,79.53,9936.7,117864.5,0.3,1000,35539.7,17056,10,190
1781955048.474,3088.1,95.29,63.52,76.11,79.3,9839.6,117961.7,0.3,1000,35539.7,17120,10,190
1781955051.474,3091.1,95.47,63.52,76.11,79.3,9790.9,118010.4,0.3,1000,35539.7,17120,10,190
1781955054.474,3094.1,93.24,68.13,76.85,79.52,9792.8,118008.4,0.3,1000,35539.7,17056,10,190
1781955057.474,3097.1,95.67,66.28,76.32,79.34,9824.8,117976.4,0.3,1000,35539.7,16992,13,190
1781955060.486,3100.1,94.37,66.28,76.32,79.34,9825.2,117976.0,0.3,1000,35539.7,16864,13,190
1781955063.486,3103.1,94.89,70.18,76.97,79.53,9838.3,117962.9,0.3,1000,35539.7,16800,13,190
1781955066.486,3106.1,94.26,70.18,76.97,79.53,9842.0,117959.3,0.3,1000,35539.7,16864,13,190
1781955069.486,3109.1,94.12,68.48,76.5,79.36,9862.6,117938.7,0.3,1000,35539.7,16864,13,190
1781955072.486,3112.1,94.15,67.48,76.16,79.24,9858.1,117943.2,0.3,1000,35539.7,16864,13,190
1781955075.486,3115.1,93.86,67.48,76.16,79.24,9930.6,117870.7,0.3,1000,35539.7,16864,13,190
1781955078.486,3118.1,94.36,65.2,75.54,79.02,9818.2,117983.0,0.3,1000,35539.7,16864,13,190
1781955081.487,3121.1,94.72,65.2,75.54,79.02,9857.5,117943.7,0.3,1000,35539.7,16864,8,189
1781955084.487,3124.1,93.11,65.51,75.43,78.97,9858.7,117942.6,0.3,1000,35539.7,16864,8,189
1781955087.487,3127.1,91.52,70.99,76.41,79.26,9856.4,117944.9,0.3,1000,35539.7,16800,8,189
1781955090.487,3130.1,94.61,70.99,76.41,79.26,9867.6,117933.7,0.3,1000,35539.7,16800,8,189
1781955093.487,3133.1,95.19,68.43,75.79,79.05,9861.5,117939.8,0.3,1000,35539.7,16864,8,189
1781955096.487,3136.1,94.38,68.43,75.79,79.05,9859.9,117941.4,0.3,1000,35539.7,16928,8,189
1781955099.487,3139.1,93.71,67.67,75.51,78.94,9888.4,117912.9,0.3,1000,35539.7,16992,8,189
1781955102.487,3142.1,94.63,65.78,74.98,78.75,9860.7,117940.6,0.3,1000,35539.7,16992,8,189
1781955105.487,3145.1,96.51,65.78,74.98,78.75,9855.2,117946.1,0.3,1000,35539.7,16992,9,190
1781955108.487,3148.1,96.28,64.99,74.67,78.63,9861.4,117939.9,0.3,1000,35539.7,16992,9,190
1781955111.487,3151.1,94.28,64.99,74.67,78.63,9851.0,117950.3,0.3,1000,35539.7,16992,9,190
1781955114.488,3154.1,93.25,64.27,74.36,78.51,9842.7,117958.6,0.3,1000,35539.7,16864,9,190
1781955117.488,3157.1,94.47,65.37,74.42,78.5,9811.3,117990.0,0.3,1000,35539.7,16608,12,190
1781955120.488,3160.1,95.54,65.37,74.42,78.5,9787.5,118013.8,0.3,1000,35539.7,16608,12,190
1781955123.488,3163.1,96.14,63.74,73.93,78.32,9846.3,117955.1,0.3,1000,35539.7,16544,12,190
1781955126.488,3166.1,92.66,63.74,73.93,78.32,9801.2,118000.1,0.3,1000,35539.7,16416,12,190
1781955129.488,3169.1,94.7,68.49,74.75,78.56,9939.5,117861.8,0.3,1000,35539.7,16416,12,190
1781955132.488,3172.1,95.39,67.49,74.43,78.44,9926.6,117874.7,0.3,1000,35539.7,16352,12,190
1781955135.488,3175.1,93.78,67.49,74.43,78.44,9823.6,117977.7,0.3,1000,35539.7,16288,12,190
1781955138.488,3178.1,93.86,65.53,73.91,78.25,9825.6,117975.7,0.3,1000,35539.7,16224,12,190
1781955141.488,3181.1,95.09,65.53,73.91,78.25,9817.1,117984.2,0.3,1000,35539.7,16096,7,190
1781955144.489,3184.1,94.63,64.2,73.5,78.09,9793.9,118007.4,0.3,1000,35539.7,16032,7,190
1781955147.489,3187.1,94.4,65.07,73.52,78.08,9865.4,117935.9,0.3,1000,35539.7,16032,7,190
1781955150.489,3190.1,94.64,65.07,73.52,78.08,9856.0,117945.3,0.3,1000,35539.7,16032,7,190
1781955153.489,3193.1,94.64,65.06,73.38,78.01,9814.9,117986.4,0.3,1000,35539.7,16032,13,190
1781955156.489,3196.1,94.3,65.06,73.38,78.01,9862.1,117939.2,0.3,1000,35539.7,16160,13,190
1781955159.489,3199.1,94.91,63.53,72.93,77.83,9959.4,117841.9,0.3,1000,35539.7,16160,13,190
1781955162.489,3202.1,92.6,62.05,72.46,77.66,9857.0,117944.3,0.3,1000,35539.7,16160,13,190
1781955165.49,3205.1,94.43,62.05,72.46,77.66,9988.3,117813.0,0.3,1000,35539.7,16160,7,190
1781955168.49,3208.1,94.24,61.0,72.07,77.5,9824.8,117976.5,0.3,1000,35539.7,15968,7,190
1781955171.49,3211.1,93.4,61.0,72.07,77.5,9857.1,117944.2,0.3,1000,35539.7,16032,7,190
1781955174.49,3214.1,93.78,60.44,71.77,77.38,9819.2,117982.1,0.3,1000,35539.7,15968,7,190
1781955177.49,3217.1,93.94,66.81,72.91,77.71,9843.4,117957.9,0.3,1000,35539.7,15968,12,190
1781955180.49,3220.1,92.47,66.81,72.91,77.71,9867.4,117933.9,0.3,1000,35539.7,16032,12,190
1781955183.49,3223.1,94.43,88.93,77.39,79.14,9848.6,117952.7,0.3,1000,35539.7,16032,12,190
1781955186.49,3226.1,92.81,88.93,77.39,79.14,9875.4,117926.0,0.3,1000,35539.7,16032,12,190
1781955189.49,3229.1,93.65,92.78,78.38,79.45,9859.3,117942.0,0.3,1000,35539.7,15968,12,190
1781955192.491,3232.1,95.13,89.03,77.84,79.27,9856.1,117945.2,0.3,1000,35539.7,15904,12,190
1781955195.491,3235.1,93.58,89.03,77.84,79.27,9791.4,118009.9,0.3,1000,35539.7,15968,12,190
1781955198.491,3238.1,94.39,102.08,80.73,80.2,9859.4,117942.0,0.3,1000,35539.7,15968,12,190
1781955201.491,3241.1,93.99,102.08,80.73,80.2,9894.7,117906.6,0.3,1000,35539.7,15968,6,190
1781955204.491,3244.1,93.83,99.28,80.51,80.13,9846.2,117955.1,0.3,1000,35539.7,15968,6,190
1781955207.491,3247.1,93.9,96.13,80.17,80.02,9904.7,117896.6,0.3,1000,35539.7,15968,6,190
1781955210.491,3250.1,92.56,96.13,80.17,80.02,9898.8,117902.5,0.3,1000,35539.7,15968,6,190
1781955213.491,3253.1,92.47,92.92,79.76,79.89,9871.3,117930.0,0.3,1000,35539.7,15968,13,190
1781955216.492,3256.1,93.53,92.92,79.76,79.89,9839.8,117961.6,0.3,1000,35539.7,15904,13,190
1781955219.492,3259.1,95.89,89.32,79.24,79.72,9855.0,117946.4,0.3,1000,35539.7,16032,13,190
1781955222.492,3262.1,92.55,92.42,80.05,79.98,9849.6,117951.8,0.3,1000,35539.7,16032,13,190
1781955225.492,3265.1,94.65,92.42,80.05,79.98,9884.3,117917.0,0.3,1000,35539.7,16032,7,190
1781955228.495,3268.1,93.63,90.46,79.85,79.91,9909.9,117891.4,0.3,1000,35539.7,16096,7,190
1781955231.495,3271.1,92.89,90.46,79.85,79.91,9845.9,117955.4,0.3,1000,35539.7,16224,7,190
1781955234.495,3274.1,92.67,98.51,81.69,80.51,9875.6,117925.8,0.3,1000,35539.7,16352,7,190
1781955237.495,3277.1,94.56,104.24,83.16,80.99,9854.4,117947.0,0.3,1000,35539.7,16352,12,190
1781955240.497,3280.1,94.16,104.24,83.16,80.99,9868.1,117933.3,0.3,1000,35539.7,16416,12,190
1781955243.504,3283.1,93.12,108.7,84.43,81.42,9899.7,117901.8,0.3,1000,35539.7,16608,12,190
1781955246.504,3286.1,92.58,108.7,84.43,81.42,9916.3,117885.1,0.3,1000,35539.7,16736,12,190
1781955249.505,3289.1,94.6,107.28,84.54,81.47,9876.5,117924.9,0.3,1000,35539.7,16736,12,190
1781955252.505,3292.1,92.94,105.82,84.62,81.51,9861.0,117940.5,0.3,1000,35539.7,16864,12,190
1781955255.505,3295.1,93.81,105.82,84.62,81.51,9832.3,117969.1,0.3,1000,35539.7,16864,12,190
1781955258.505,3298.1,94.3,111.76,86.2,82.04,9861.3,117940.2,0.3,1000,35539.7,16928,12,190
1781955261.505,3301.1,94.82,111.76,86.2,82.04,9879.2,117922.4,0.3,1000,35539.7,17056,7,190
1781955264.515,3304.2,93.21,106.33,85.5,81.83,9846.8,117954.8,0.3,1000,35539.7,16992,7,190
1781955267.515,3307.2,94.08,100.86,84.71,81.6,9822.3,117979.2,0.3,1000,35539.7,16992,7,190
1781955270.516,3310.2,92.98,100.86,84.71,81.6,9904.1,117897.5,0.3,1000,35539.7,16992,7,190
1781955273.516,3313.2,92.82,96.87,84.15,81.43,9885.1,117916.5,0.3,1000,35539.7,16992,11,190
1781955276.516,3316.2,93.27,96.87,84.15,81.43,9941.6,117860.0,0.3,1000,35539.7,16928,11,190
1781955279.516,3319.2,93.15,96.0,84.18,81.46,9813.8,117987.7,0.3,1000,35539.7,16928,11,190
1781955282.516,3322.2,91.99,124.59,90.31,83.45,9855.5,117946.1,0.3,1000,35539.7,16928,11,190
1781955285.516,3325.2,93.64,124.59,90.31,83.45,9952.4,117849.2,0.3,1000,35539.7,16864,7,190
1781955288.516,3328.2,94.9,118.93,89.7,83.29,9877.9,117923.7,0.3,1000,35539.7,16800,7,190
1781955291.516,3331.2,93.82,118.93,89.7,83.29,9926.3,117875.3,0.3,1000,35539.7,16800,7,190
1781955294.516,3334.2,92.28,121.02,90.62,83.63,9878.0,117923.6,0.3,1000,35539.7,16800,7,190
1781955297.526,3337.2,90.37,114.45,89.76,83.39,9857.6,117944.1,0.3,1000,35539.7,16800,8,190
1781955300.527,3340.2,93.44,114.45,89.76,83.39,9843.6,117958.0,0.3,1000,35539.7,16864,8,190
1781955303.527,3343.2,92.96,108.17,88.87,83.13,9829.1,117972.5,0.3,1000,35539.7,16928,8,190
1781955306.527,3346.2,94.58,108.17,88.87,83.13,9876.7,117924.9,0.3,1000,35539.7,16864,8,190
1781955309.527,3349.2,94.65,103.67,88.26,82.96,9834.4,117967.2,0.3,1000,35539.7,16864,8,190
1781955312.527,3352.2,91.78,99.13,87.57,82.77,9840.3,117961.4,0.3,1000,35539.7,16800,8,190
1781955315.527,3355.2,94.57,99.13,87.57,82.77,9845.9,117955.7,0.3,1000,35539.7,16864,8,190
1781955318.527,3358.2,95.06,94.16,86.73,82.52,9812.0,117989.6,0.3,1000,35539.7,16864,8,190
1781955321.527,3361.2,95.31,94.16,86.73,82.52,9823.4,117978.2,0.3,1000,35539.7,16864,11,190
1781955324.527,3364.2,93.91,99.43,87.95,82.94,9835.2,117966.4,0.3,1000,35539.7,16864,11,190
1781955327.527,3367.2,95.43,104.04,89.1,83.34,9810.7,117991.0,0.3,1000,35539.7,16864,11,190
1781955330.527,3370.2,95.84,104.04,89.1,83.34,9801.2,118000.5,0.3,1000,35539.7,16736,11,190
1781955333.528,3373.2,95.15,98.75,88.25,83.1,9826.5,117975.2,0.3,1000,35539.7,16800,6,190
1781955336.541,3376.2,95.83,98.75,88.25,83.1,9845.9,117955.7,0.3,1000,35539.7,16800,6,190
1781955339.541,3379.2,95.92,111.59,91.08,84.04,9852.7,117948.9,0.3,1000,35539.7,16864,6,190
1781955342.541,3382.2,95.16,107.05,90.48,83.88,9840.3,117961.4,0.3,1000,35539.7,16864,6,190
1781955345.542,3385.2,95.51,107.05,90.48,83.88,9818.1,117983.6,0.3,1000,35539.7,16864,11,190
1781955348.542,3388.2,95.9,101.76,89.66,83.65,9841.8,117959.9,0.3,1000,35539.7,16864,11,190
1781955351.542,3391.2,95.81,101.76,89.66,83.65,9859.0,117942.7,0.3,1000,35539.7,16864,11,190
1781955354.543,3394.2,94.7,96.9,88.85,83.42,9852.4,117949.4,0.3,1000,35539.7,16864,11,190
1781955357.543,3397.2,96.43,92.98,88.18,83.23,9824.4,117977.4,0.3,1000,35539.7,16864,6,190
1781955360.543,3400.2,95.09,92.98,88.18,83.23,9859.6,117942.1,0.3,1000,35539.7,16800,6,190
1781955363.543,3403.2,95.26,88.66,87.36,83.0,9799.6,118002.1,0.3,1000,35539.7,16864,6,190
1781955366.543,3406.2,93.16,88.66,87.36,83.0,9842.3,117959.4,0.3,1000,35539.7,16864,6,190
1781955369.543,3409.2,93.49,85.24,86.67,82.8,9842.5,117959.2,0.3,1000,35539.7,16864,6,190
1781955372.543,3412.2,94.0,83.06,86.2,82.66,9849.6,117952.1,0.3,1000,35539.7,16864,6,190
1781955375.543,3415.2,92.89,83.06,86.2,82.66,9820.7,117981.1,0.3,1000,35539.7,16864,6,190
1781955378.544,3418.2,95.67,103.64,90.41,84.05,9853.9,117947.9,0.3,1000,35539.7,16800,6,190
1781955381.546,3421.2,93.4,103.64,90.41,84.05,9861.1,117940.7,0.3,1000,35539.7,16864,11,190
1781955384.546,3424.2,93.51,98.62,89.59,83.81,9849.8,117951.9,0.3,1000,35539.7,16864,11,190
1781955387.546,3427.2,95.75,121.31,94.44,85.42,9806.8,117994.9,0.3,1000,35539.7,16800,11,190
1781955390.546,3430.2,95.48,121.31,94.44,85.42,9851.6,117950.2,0.3,1000,35539.7,16800,11,190
1781955393.546,3433.2,93.12,116.8,93.95,85.31,9843.7,117958.0,0.3,1000,35539.7,16800,7,190
1781955396.547,3436.2,93.76,116.8,93.95,85.31,9804.4,117997.4,0.3,1000,35539.7,16800,7,190
1781955399.547,3439.2,90.04,116.42,94.25,85.45,9841.1,117960.6,0.3,1000,35539.7,16736,7,190
1781955402.547,3442.2,93.17,110.78,93.45,85.24,9776.5,118025.3,0.3,1000,35539.7,16736,7,190
1781955405.547,3445.2,93.85,110.78,93.45,85.24,9846.8,117955.0,0.3,1000,35539.7,16736,7,190
1781955408.547,3448.2,95.64,113.04,94.21,85.53,9877.9,117923.9,0.3,1000,35539.7,16672,7,190
1781955411.547,3451.2,95.69,113.04,94.21,85.53,9809.3,117992.5,0.3,1000,35539.7,16672,7,190
1781955414.547,3454.2,94.93,107.83,93.44,85.33,9790.0,118011.8,0.3,1000,35539.7,16736,7,190
1781955417.551,3457.2,94.19,110.09,94.15,85.6,9785.8,118015.9,0.3,1000,35539.7,16800,10,190
1781955420.551,3460.2,93.78,110.09,94.15,85.6,9824.8,117976.9,0.3,1000,35539.7,16672,10,190
1781955423.551,3463.2,94.42,112.4,94.89,85.89,9792.7,118009.0,0.3,1000,35539.7,16608,10,190
1781955426.551,3466.2,93.84,112.4,94.89,85.89,9781.4,118020.3,0.3,1000,35539.7,16608,10,190
1781955429.551,3469.2,95.76,107.25,94.11,85.68,9825.9,117975.8,0.3,1000,35539.7,16544,10,190
1781955432.551,3472.2,91.94,102.26,93.3,85.46,9805.7,117996.0,0.3,1000,35539.7,16480,10,190
1781955435.555,3475.2,96.12,102.26,93.3,85.46,9783.8,118018.0,0.3,1000,35539.7,16480,10,190
1781955438.555,3478.2,94.91,109.53,94.95,86.04,9831.6,117970.1,0.3,1000,35539.7,16544,10,190
1781955441.555,3481.2,92.13,109.53,94.95,86.04,9809.4,117992.4,0.3,1000,35539.7,16544,11,190
1781955444.556,3484.2,95.49,103.64,93.97,85.77,9807.5,117994.3,0.3,1000,35539.7,16544,11,190
1781955447.556,3487.2,95.39,98.86,93.14,85.55,9799.6,118002.2,0.3,1000,35539.7,16544,11,190
1781955450.556,3490.2,95.63,98.86,93.14,85.55,9784.0,118017.7,0.3,1000,35539.7,16544,11,190
1781955453.56,3493.2,95.34,99.19,93.31,85.64,9748.4,118053.4,0.3,1000,35539.7,16608,7,190
1781955456.56,3496.2,95.06,99.19,93.31,85.64,9792.2,118009.6,0.3,1000,35539.7,16864,7,190
1781955459.56,3499.2,93.7,100.7,93.72,85.81,9897.7,117904.1,0.3,1000,35539.7,16992,7,190
1781955462.561,3502.2,90.7,96.8,93.03,85.63,9921.8,117880.0,0.3,1000,35539.7,17120,7,190
1781955465.561,3505.2,91.2,96.8,93.03,85.63,9856.4,117945.3,0.3,1000,35539.7,17184,13,190
1781955468.561,3508.2,93.75,93.13,92.33,85.45,9850.4,117951.4,0.3,1000,35539.7,17184,13,190
1781955471.561,3511.2,93.04,93.13,92.33,85.45,9821.6,117980.2,0.3,1000,35539.7,17184,13,190
1781955474.592,3514.2,93.9,91.76,92.06,85.4,9920.0,117881.8,0.3,1000,35539.7,17248,13,190
1781955477.592,3517.2,92.66,87.46,91.16,85.14,9861.7,117940.1,0.3,1000,35539.7,17184,8,191
1781955480.592,3520.2,94.99,87.46,91.16,85.14,9936.5,117865.3,0.3,1000,35539.7,17120,8,191
1781955483.593,3523.2,93.95,83.41,90.26,84.88,9849.1,117952.7,0.3,1000,35539.7,17056,8,191
1781955486.593,3526.2,92.3,83.41,90.26,84.88,9823.1,117978.7,0.3,1000,35539.7,16992,8,191
1781955489.594,3529.2,90.6,79.94,89.43,84.64,9869.6,117932.2,0.3,1000,35539.7,16992,8,191
1781955492.594,3532.2,92.68,78.26,88.92,84.5,9839.0,117962.8,0.3,1000,35539.7,16992,8,191
1781955495.594,3535.2,94.16,78.26,88.92,84.5,9853.0,117948.8,0.3,1000,35539.7,16992,8,191
1781955498.594,3538.2,93.61,75.68,88.21,84.3,9774.7,118027.1,0.3,1000,35539.7,16992,8,191
1781955501.594,3541.2,94.87,75.68,88.21,84.3,9843.0,117958.8,0.3,1000,35539.7,16992,8,191
1781955504.596,3544.2,94.0,73.14,87.47,84.08,9887.6,117914.2,0.3,1000,35539.7,17120,8,191
1781955507.596,3547.2,92.93,106.28,94.11,86.24,9886.1,117915.7,0.3,1000,35539.7,17056,8,191
1781955510.596,3550.2,94.77,106.28,94.11,86.24,9862.5,117939.3,0.3,1000,35539.7,17120,8,191
1781955513.596,3553.2,92.82,101.85,93.39,86.05,9874.0,117927.9,0.3,1000,35539.7,17120,9,193
1781955516.596,3556.2,94.12,101.85,93.39,86.05,9869.4,117932.5,0.3,1000,35539.7,17120,9,193
1781955519.596,3559.2,94.97,99.54,93.05,85.98,9839.1,117962.8,0.3,1000,35539.7,17120,9,193
1781955522.635,3562.3,95.79,111.99,95.74,86.89,9841.5,117960.3,0.3,1000,35539.7,17120,9,193
1781955525.635,3565.3,95.11,111.99,95.74,86.89,9831.8,117970.0,0.3,1000,35539.7,17056,9,193
1781955528.635,3568.3,93.27,106.31,94.83,86.65,9869.4,117932.5,0.3,1000,35539.7,17056,9,193
1781955531.636,3571.3,93.45,106.31,94.83,86.65,9847.9,117954.0,0.3,1000,35539.7,16928,9,193
1781955534.636,3574.3,94.9,103.96,94.53,86.59,9839.7,117962.2,0.3,1000,35539.7,16928,9,193
1781955537.636,3577.3,93.74,101.24,94.13,86.5,9831.8,117970.0,0.3,1000,35539.7,16928,11,193
1781955540.636,3580.3,95.09,101.24,94.13,86.5,9814.3,117987.5,0.3,1000,35539.7,16928,11,193
1781955543.638,3583.3,97.04,98.66,93.71,86.41,9831.2,117970.7,0.3,1000,35539.7,16864,11,193
1781955546.638,3586.3,96.48,98.66,93.71,86.41,9839.6,117962.3,0.3,1000,35539.7,16864,11,193
1781955549.638,3589.3,94.89,95.8,93.2,86.28,9811.3,117990.6,0.3,1000,35539.7,16864,11,193
1781955552.638,3592.3,94.03,91.17,92.28,86.02,9848.8,117953.0,0.3,1000,35539.7,16864,11,193
1781955555.638,3595.3,92.97,91.17,92.28,86.02,9821.2,117980.7,0.3,1000,35539.7,16864,11,193
1781955558.639,3598.3,94.63,87.88,91.58,85.83,9831.7,117970.2,0.3,1000,35539.7,16736,11,193
1781955561.64,3601.3,94.44,87.88,91.58,85.83,9859.5,117942.3,0.3,1000,35539.7,16672,6,194
1781955564.64,3604.3,92.65,87.33,91.4,85.8,9839.0,117962.9,0.3,1000,35539.7,16736,6,194
1781955567.64,3607.3,95.21,83.46,90.53,85.55,9822.6,117979.2,0.3,1000,35539.7,16736,6,194
1781955570.641,3610.3,93.79,83.46,90.53,85.55,9850.1,117951.7,0.3,1000,35539.7,16736,6,194
1781955573.641,3613.3,96.17,80.22,89.75,85.32,9866.2,117935.7,0.3,1000,35539.7,16736,11,199
1781955576.641,3616.3,96.49,80.22,89.75,85.32,9820.2,117981.7,0.3,1000,35539.7,16864,11,199
1781955579.641,3619.3,92.8,79.4,89.42,85.24,9875.6,117926.3,0.3,1000,35539.7,16864,11,199
1781955582.641,3622.3,94.33,79.04,89.18,85.19,9815.4,117986.5,0.3,1000,35539.7,16928,11,199
1781955585.641,3625.3,96.14,79.04,89.18,85.19,9799.1,118002.8,0.3,1000,35539.7,16992,6,199
1781955588.642,3628.3,95.15,83.69,89.97,85.46,9853.4,117948.5,0.3,1000,35539.7,16992,6,199
1781955591.644,3631.3,95.74,83.69,89.97,85.46,9832.3,117969.6,0.3,1000,35539.7,16992,6,199
1781955594.644,3634.3,95.84,79.71,89.04,85.19,9808.2,117993.6,0.3,1000,35539.7,16992,6,199
1781955597.644,3637.3,95.99,76.21,88.16,84.92,9838.7,117963.2,0.3,1000,35539.7,17056,9,201
1781955600.644,3640.3,95.36,76.21,88.16,84.92,9918.8,117883.1,0.3,1000,35539.7,17056,9,201
1781955603.644,3643.3,94.68,78.51,88.44,85.03,9866.5,117935.4,0.3,1000,35539.7,17056,9,201
1781955606.644,3646.3,95.35,78.51,88.44,85.03,9914.8,117887.1,0.3,1000,35539.7,17056,9,201
1781955609.644,3649.3,95.43,77.91,88.15,84.95,9919.0,117882.9,0.3,1000,35539.7,17056,9,201
1781955612.651,3652.3,94.92,76.0,87.58,84.79,9843.5,117958.3,0.3,1000,35539.7,17184,9,201
1781955615.651,3655.3,95.11,76.0,87.58,84.79,9829.0,117972.9,0.3,1000,35539.7,17184,9,201
1781955618.651,3658.3,93.5,73.11,86.79,84.55,9899.3,117902.6,0.3,1000,35539.7,17120,9,201
1781955621.652,3661.3,93.99,73.11,86.79,84.55,9816.8,117985.0,0.3,1000,35539.7,17056,7,201
1781955624.652,3664.3,96.54,73.75,86.7,84.53,9883.7,117918.1,0.3,1000,35539.7,17056,7,201
1781955627.652,3667.3,95.18,71.12,85.94,84.29,9821.2,117980.7,0.3,1000,35539.7,16992,7,201
1781955630.652,3670.3,96.12,71.12,85.94,84.29,9862.3,117939.6,0.3,1000,35539.7,16928,7,201
1781955633.652,3673.3,94.48,69.35,85.33,84.1,9830.5,117971.4,0.3,1000,35539.7,16800,11,202
1781955636.652,3676.3,95.24,69.35,85.33,84.1,9842.9,117959.0,0.3,1000,35539.7,16800,11,202
1781955639.652,3679.3,95.51,66.68,84.51,83.85,9831.0,117970.9,0.3,1000,35539.7,16800,11,202
1781955642.654,3682.3,95.9,64.54,83.77,83.61,9805.8,117996.1,0.3,1000,35539.7,16800,11,202
1781955645.654,3685.3,94.26,64.54,83.77,83.61,9855.1,117946.8,0.3,1000,35539.7,16672,12,203
1781955648.659,3688.3,95.02,66.82,83.92,83.66,9854.0,117947.9,0.3,1000,35539.7,16544,12,203
1781955651.659,3691.3,95.81,66.82,83.92,83.66,9839.0,117962.9,0.3,1000,35539.7,16544,12,203
1781955654.66,3694.3,95.62,65.79,83.42,83.5,9806.0,117995.9,0.3,1000,35539.7,16544,12,203
1781955657.66,3697.3,95.99,64.37,82.83,83.31,9779.9,118022.1,0.3,1000,35539.7,16608,7,204
1781955660.66,3700.3,95.82,64.37,82.83,83.31,9811.0,117991.0,0.3,1000,35539.7,16608,7,204
1781955663.66,3703.3,95.12,62.74,82.19,83.1,9831.2,117970.8,0.3,1000,35539.7,16672,7,204
1781955666.66,3706.3,96.5,62.74,82.19,83.1,9834.1,117968.0,0.3,1000,35539.7,16608,7,204
1781955669.66,3709.3,94.65,60.6,81.42,82.85,9836.5,117965.5,0.3,1000,35539.7,16416,7,204
1781955672.66,3712.3,97.2,107.88,90.88,85.9,9874.8,117927.2,0.3,1000,35539.7,16416,7,204
1781955675.66,3715.3,95.72,107.88,90.88,85.9,9871.0,117931.0,0.3,1000,35539.7,16352,7,204
1781955678.66,3718.3,95.13,117.9,93.24,86.69,9836.0,117966.0,0.3,1000,35539.7,16352,7,204
1781955681.66,3721.3,95.1,117.9,93.24,86.69,9842.6,117959.4,0.3,1000,35539.7,16352,7,204
1781955684.66,3724.3,93.9,113.42,92.72,86.55,9825.8,117976.3,0.3,1000,35539.7,16352,7,204
1781955687.661,3727.3,95.89,117.71,93.95,86.99,9798.8,118003.2,0.3,1000,35539.7,16416,7,204
1781955690.661,3730.3,96.44,117.71,93.95,86.99,9796.7,118005.3,0.3,1000,35539.7,16288,7,204
1781955693.661,3733.3,95.99,117.33,94.27,87.13,9818.2,117983.8,0.3,1000,35539.7,16288,8,205
1781955696.663,3736.3,96.71,117.33,94.27,87.13,9797.7,118004.3,0.3,1000,35539.7,16224,8,205
1781955699.663,3739.3,96.5,112.58,93.67,86.97,9861.4,117940.6,0.3,1000,35539.7,16160,8,205
1781955702.663,3742.3,96.16,106.93,92.81,86.73,9881.7,117920.3,0.3,1000,35539.7,16160,8,205
1781955705.663,3745.3,93.89,106.93,92.81,86.73,9936.2,117865.8,0.3,1000,35539.7,16096,7,205
1781955708.664,3748.3,93.25,112.54,94.21,87.21,9867.5,117934.5,0.3,1000,35539.7,16160,7,205
1781955711.664,3751.3,95.76,112.54,94.21,87.21,9898.4,117903.6,0.3,1000,35539.7,16160,7,205
1781955714.664,3754.3,94.41,110.33,94.05,87.2,9870.7,117931.3,0.3,1000,35539.7,16032,7,205
1781955717.664,3757.3,95.05,106.78,93.59,87.09,9889.7,117912.3,0.3,1000,35539.7,16032,11,205
1781955720.664,3760.3,96.25,106.78,93.59,87.09,9845.5,117956.4,0.3,1000,35539.7,16032,11,205
1781955723.665,3763.3,95.27,102.32,92.88,86.89,9812.2,117989.8,0.3,1000,35539.7,16096,11,205
1781955726.665,3766.3,95.56,102.32,92.88,86.89,9865.2,117936.8,0.3,1000,35539.7,16096,11,205
1781955729.665,3769.3,96.0,98.53,92.25,86.72,9910.2,117891.8,0.3,1000,35539.7,16096,11,205
1781955732.665,3772.3,95.22,96.24,91.88,86.63,9876.2,117925.8,0.3,1000,35539.7,16288,11,205
1781955735.665,3775.3,94.16,96.24,91.88,86.63,9936.3,117865.7,0.3,1000,35539.7,16352,11,205
1781955738.665,3778.3,95.34,91.98,91.07,86.4,9808.0,117994.1,0.3,1000,35539.7,16480,11,205
1781955741.666,3781.3,93.97,91.98,91.07,86.4,9878.4,117923.6,0.3,1000,35539.7,16480,6,205
1781955744.666,3784.3,94.54,96.71,92.07,86.74,9828.3,117973.8,0.3,1000,35539.7,16416,6,205
1781955747.666,3787.3,94.82,98.33,92.48,86.91,9855.7,117946.3,0.3,1000,35539.7,16608,6,205
1781955750.666,3790.3,95.05,98.33,92.48,86.91,9929.7,117872.3,0.3,1000,35539.7,16736,6,205
1781955753.666,3793.3,95.38,95.5,91.99,86.78,9859.7,117942.3,0.3,1000,35539.7,16736,15,205
1781955756.666,3796.3,95.0,95.5,91.99,86.78,9941.2,117860.8,0.3,1000,35539.7,16864,15,205
1781955759.666,3799.3,94.25,91.54,91.23,86.56,9890.4,117911.7,0.3,1000,35539.7,16864,15,205
1781955762.667,3802.3,94.45,94.3,91.8,86.77,9834.0,117968.1,0.3,1000,35539.7,16864,15,205
1781955765.667,3805.3,94.91,94.3,91.8,86.77,9853.2,117948.9,0.3,1000,35539.7,16800,7,206
1781955768.667,3808.3,94.35,92.83,91.54,86.71,9854.6,117947.4,0.3,1000,35539.7,16864,7,206
1781955771.667,3811.3,94.15,92.83,91.54,86.71,9780.2,118021.8,0.3,1000,35539.7,16928,7,206
1781955774.667,3814.3,96.01,90.36,91.05,86.58,9811.3,117990.7,0.3,1000,35539.7,17056,7,206
1781955777.667,3817.3,95.11,85.77,90.09,86.29,9848.4,117953.7,0.3,1000,35539.7,17056,11,207
1781955780.667,3820.3,93.82,85.77,90.09,86.29,9852.0,117950.1,0.3,1000,35539.7,17056,11,207
1781955783.667,3823.3,95.73,82.18,89.27,86.05,9832.3,117969.8,0.3,1000,35539.7,17056,11,207
1781955786.667,3826.3,96.63,82.18,89.27,86.05,9855.3,117946.7,0.3,1000,35539.7,17056,11,207
1781955789.667,3829.3,96.5,87.77,90.31,86.4,9838.7,117963.3,0.3,1000,35539.7,17056,11,207
1781955792.667,3832.3,95.36,83.87,89.46,86.15,9828.1,117973.9,0.3,1000,35539.7,17056,11,207
1781955795.667,3835.3,95.94,83.87,89.46,86.15,9840.6,117961.4,0.3,1000,35539.7,17056,11,207
1781955798.668,3838.3,94.81,80.27,88.62,85.89,9807.7,117994.4,0.3,1000,35539.7,16928,11,207
1781955801.668,3841.3,95.87,80.27,88.62,85.89,9807.6,117994.5,0.3,1000,35539.7,16864,7,207
1781955804.668,3844.3,94.88,82.09,88.86,85.99,9869.2,117932.8,0.3,1000,35539.7,16800,7,207
1781955807.668,3847.3,96.03,79.6,88.23,85.8,9868.2,117933.8,0.3,1000,35539.7,16736,7,207
1781955810.668,3850.3,95.13,79.6,88.23,85.8,9872.2,117929.9,0.3,1000,35539.7,16736,7,207
1781955813.67,3853.3,93.43,78.67,87.9,85.7,9894.7,117907.3,0.3,1000,35539.7,16800,10,208
1781955816.67,3856.3,94.83,78.67,87.9,85.7,9855.4,117946.6,0.3,1000,35539.7,16800,10,208
1781955819.671,3859.3,95.57,78.46,87.7,85.65,9867.3,117934.7,0.3,1000,35539.7,16800,10,208
1781955822.671,3862.3,95.67,74.42,86.71,85.34,9841.8,117960.3,0.3,1000,35539.7,16864,10,208
1781955825.671,3865.3,96.55,74.42,86.71,85.34,9873.9,117928.1,0.3,1000,35539.7,16928,6,208
1781955828.671,3868.3,96.59,71.5,85.9,85.09,9866.9,117935.1,0.3,1000,35539.7,16800,6,208
1781955831.671,3871.3,96.06,71.5,85.9,85.09,9831.4,117970.7,0.3,1000,35539.7,16864,6,208
1781955834.672,3874.3,95.4,70.42,85.44,84.94,9869.9,117932.1,0.3,1000,35539.7,16864,6,208
1781955837.672,3877.3,94.83,69.75,85.05,84.82,9884.9,117917.2,0.3,1000,35539.7,16928,10,208
1781955840.672,3880.3,95.09,69.75,85.05,84.82,9814.8,117987.3,0.3,1000,35539.7,16864,10,208
1781955843.677,3883.3,96.6,77.77,86.46,85.28,9818.4,117983.7,0.3,1000,35539.7,16800,10,208
1781955846.677,3886.3,94.46,77.77,86.46,85.28,9833.5,117968.5,0.3,1000,35539.7,16800,10,208
1781955849.677,3889.3,94.84,75.31,85.8,85.07,9861.0,117941.1,0.3,1000,35539.7,16864,10,208
1781955852.682,3892.3,93.8,94.26,89.56,86.29,9857.0,117945.1,0.3,1000,35539.7,16928,10,208
1781955855.682,3895.3,97.02,94.26,89.56,86.29,9863.8,117938.2,0.3,1000,35539.7,16928,10,208
1781955858.682,3898.3,94.67,90.56,88.87,86.08,9852.1,117950.0,0.3,1000,35539.7,16992,10,208
1781955861.72,3901.4,96.98,90.56,88.87,86.08,9803.7,117998.3,0.3,1000,35539.7,17056,7,209
1781955864.72,3904.4,95.91,102.37,91.34,86.9,9845.6,117956.5,0.3,1000,35539.7,17056,7,209
1781955867.72,3907.4,94.98,98.65,90.76,86.73,9823.4,117978.7,0.3,1000,35539.7,16992,7,209
1781955870.72,3910.4,95.92,98.65,90.76,86.73,9795.3,118006.7,0.3,1000,35539.7,16992,7,209
1781955873.72,3913.4,95.85,100.2,91.21,86.9,9827.9,117974.2,0.3,1000,35539.7,16992,12,210
1781955876.721,3916.4,95.1,100.2,91.21,86.9,9794.4,118007.7,0.3,1000,35539.7,16928,12,210
1781955879.725,3919.4,95.6,120.69,95.6,88.35,9847.5,117954.6,0.3,1000,35539.7,16928,12,210
1781955882.725,3922.4,96.21,118.15,95.5,88.35,9871.3,117930.8,0.3,1000,35539.7,16864,12,210
1781955885.725,3925.4,94.73,118.15,95.5,88.35,9898.9,117903.1,0.3,1000,35539.7,16992,7,210
1781955888.725,3928.4,96.01,115.81,95.39,88.35,9845.4,117956.6,0.3,1000,35539.7,17120,7,210
1781955891.725,3931.4,96.17,115.81,95.39,88.35,9864.6,117937.5,0.3,1000,35539.7,17120,7,210
1781955894.726,3934.4,96.26,109.74,94.47,88.1,9862.5,117939.6,0.3,1000,35539.7,17184,7,210
1781955897.726,3937.4,96.21,104.64,93.66,87.87,9895.5,117906.5,0.3,1000,35539.7,17120,16,210
1781955900.726,3940.4,95.77,104.64,93.66,87.87,9831.1,117970.9,0.3,1000,35539.7,17120,16,210
1781955903.726,3943.4,94.36,101.46,93.19,87.75,9824.7,117977.4,0.3,1000,35539.7,17120,16,210
1781955906.726,3946.4,96.59,101.46,93.19,87.75,9839.3,117962.8,0.3,1000,35539.7,17120,16,210
1781955909.726,3949.4,95.63,97.26,92.45,87.54,9868.5,117933.5,0.3,1000,35539.7,16992,16,210
1781955912.726,3952.4,91.33,93.16,91.68,87.31,9927.4,117874.7,0.3,1000,35539.7,16864,16,210
1781955915.726,3955.4,94.35,93.16,91.68,87.31,9866.8,117935.2,0.3,1000,35539.7,16928,16,210
1781955918.726,3958.4,93.9,91.94,91.45,87.26,9933.2,117868.8,0.3,1000,35539.7,16928,16,210
1781955921.726,3961.4,95.42,91.94,91.45,87.26,9898.4,117903.7,0.3,1000,35539.7,16864,7,210
1781955924.726,3964.4,92.52,87.46,90.53,86.99,9846.7,117955.4,0.3,1000,35539.7,16864,7,210
1781955927.727,3967.4,95.22,84.46,89.86,86.79,9893.6,117908.5,0.3,1000,35539.7,16800,7,210
1781955930.727,3970.4,94.72,84.46,89.86,86.79,9809.2,117992.9,0.3,1000,35539.7,16736,7,210
1781955933.727,3973.4,94.57,86.11,90.11,86.89,9821.9,117980.2,0.3,1000,35539.7,16608,11,210
1781955936.727,3976.4,93.58,86.11,90.11,86.89,9840.3,117961.8,0.3,1000,35539.7,16736,11,210
1781955939.727,3979.4,94.29,86.74,90.18,86.93,9869.6,117932.5,0.3,1000,35539.7,16736,11,210
1781955942.727,3982.4,94.27,86.84,90.14,86.93,9779.0,118023.1,0.3,1000,35539.7,16736,11,210
1781955945.727,3985.4,94.22,86.84,90.14,86.93,9834.1,117967.9,0.3,1000,35539.7,16800,8,210
1781955948.727,3988.4,93.51,83.25,89.34,86.69,9874.6,117927.4,0.3,1000,35539.7,16736,8,210
1781955951.727,3991.4,93.83,83.25,89.34,86.69,9820.3,117981.8,0.3,1000,35539.7,16736,8,210
1781955954.727,3994.4,95.09,81.95,88.97,86.58,9799.1,118003.0,0.3,1000,35539.7,16800,8,210
1781955957.727,3997.4,95.54,85.4,89.57,86.79,9770.1,118032.0,0.3,1000,35539.7,16736,11,210
1781955960.728,4000.4,95.99,85.4,89.57,86.79,9777.3,118024.8,0.3,1000,35539.7,16736,11,210
1781955963.728,4003.4,93.73,82.08,88.81,86.56,9779.9,118022.2,0.3,1000,35539.7,16800,11,210
1781955966.728,4006.4,95.08,82.08,88.81,86.56,9774.5,118027.6,0.3,1000,35539.7,16800,11,210
1781955969.728,4009.4,95.41,79.91,88.25,86.39,9741.1,118060.9,0.3,1000,35539.7,16800,11,210
1781955972.728,4012.4,95.9,93.13,90.85,87.24,9791.8,118010.2,0.3,1000,35539.7,16736,11,210
1781955975.728,4015.4,94.83,93.13,90.85,87.24,9814.0,117988.1,0.3,1000,35539.7,16736,11,210
1781955978.728,4018.4,96.04,90.88,90.42,87.12,9822.6,117979.5,0.3,1000,35539.7,16736,11,210
1781955981.728,4021.4,96.65,90.88,90.42,87.12,9795.3,118006.8,0.3,1000,35539.7,16736,7,210
1781955984.728,4024.4,94.56,90.01,90.25,87.08,9782.5,118019.6,0.3,1000,35539.7,16672,7,210
1781955987.728,4027.4,95.67,96.41,91.57,87.53,9801.7,118000.4,0.3,1000,35539.7,16736,7,210
1781955990.729,4030.4,96.52,96.41,91.57,87.53,9809.3,117992.7,0.3,1000,35539.7,16672,7,210
1781955993.729,4033.4,94.1,91.58,90.65,87.25,9825.4,117976.7,0.3,1000,35539.7,16672,7,210
1781955996.729,4036.4,94.23,91.58,90.65,87.25,9924.7,117877.4,0.3,1000,35539.7,16672,7,210
1781955999.729,4039.4,95.58,89.37,90.21,87.13,9900.1,117902.1,0.3,1000,35539.7,16608,7,210
1781956002.729,4042.4,93.79,102.71,92.96,88.04,9797.6,118004.5,0.3,1000,35539.7,16608,7,210
1781956005.73,4045.4,94.16,102.71,92.96,88.04,9879.6,117922.5,0.3,1000,35539.7,16736,10,218
1781956008.736,4048.4,96.11,98.01,92.15,87.8,9843.0,117959.1,0.3,1000,35539.7,16672,10,218
1781956011.736,4051.4,96.89,98.01,92.15,87.8,9805.1,117997.0,0.3,1000,35539.7,16672,10,218
1781956014.736,4054.4,94.81,93.2,91.25,87.53,9819.3,117982.8,0.3,1000,35539.7,16672,10,218
1781956017.737,4057.4,95.52,88.94,90.4,87.28,9867.4,117934.7,0.3,1000,35539.7,16672,8,218
1781956020.737,4060.4,95.69,88.94,90.4,87.28,9872.1,117930.0,0.3,1000,35539.7,16416,8,218
1781956023.737,4063.4,94.49,86.38,89.84,87.11,9863.3,117938.8,0.3,1000,35539.7,16224,8,218
1781956026.737,4066.4,94.81,86.38,89.84,87.11,9856.6,117945.5,0.3,1000,35539.7,16160,8,218
1781956029.737,4069.4,95.38,90.68,90.68,87.4,9870.3,117931.8,0.3,1000,35539.7,16160,8,218
1781956032.737,4072.4,96.42,97.91,92.18,87.9,9852.1,117950.0,0.3,1000,35539.7,16224,8,218
1781956035.737,4075.4,95.38,97.91,92.18,87.9,9890.7,117911.4,0.3,1000,35539.7,16160,8,218
1781956038.737,4078.4,93.28,94.47,91.56,87.72,9886.8,117915.3,0.3,1000,35539.7,16160,8,218
1781956041.742,4081.4,94.07,94.47,91.56,87.72,9849.2,117952.9,0.3,1000,35539.7,16096,12,218
1781956044.742,4084.4,95.57,91.47,90.98,87.56,9828.7,117973.4,0.3,1000,35539.7,16160,12,218
1781956047.742,4087.4,95.74,86.95,90.05,87.28,9801.8,118000.3,0.3,1000,35539.7,16160,12,218
1781956050.742,4090.4,96.13,86.95,90.05,87.28,9845.3,117956.7,0.3,1000,35539.7,16160,12,218
1781956053.743,4093.4,95.94,83.03,89.19,87.01,9798.7,118003.4,0.3,1000,35539.7,16224,6,220
1781956056.745,4096.4,96.65,83.03,89.19,87.01,9772.3,118029.8,0.3,1000,35539.7,16224,6,220
1781956059.745,4099.4,96.02,80.47,88.56,86.82,9805.4,117996.7,0.3,1000,35539.7,16224,6,220
1781956062.746,4102.4,95.92,76.82,87.67,86.54,9835.7,117966.4,0.3,1000,35539.7,16288,6,220
1781956065.747,4105.4,94.12,76.82,87.67,86.54,9801.9,118000.2,0.3,1000,35539.7,16160,9,221
1781956068.747,4108.4,94.93,75.4,87.19,86.39,9815.8,117986.4,0.3,1000,35539.7,16224,9,221
1781956071.749,4111.4,95.62,75.4,87.19,86.39,9845.9,117956.2,0.3,1000,35539.7,16288,9,221
1781956074.749,4114.4,93.85,72.96,86.49,86.17,9825.7,117976.5,0.3,1000,35539.7,16224,9,221
1781956077.749,4117.4,95.18,71.12,85.88,85.97,9836.2,117966.0,0.3,1000,35539.7,16288,7,222
1781956080.749,4120.4,95.09,71.12,85.88,85.97,9809.7,117992.4,0.3,1000,35539.7,16288,7,222
1781956083.749,4123.4,96.01,68.55,85.11,85.72,9781.5,118020.5,0.3,1000,35539.7,16288,7,222
1781956086.75,4126.4,95.36,68.55,85.11,85.72,9840.6,117961.5,0.3,1000,35539.7,16288,7,222
1781956089.75,4129.4,95.02,66.42,84.39,85.49,9878.4,117923.7,0.3,1000,35539.7,16352,7,222
1781956092.75,4132.4,95.31,65.35,83.87,85.31,9845.3,117956.8,0.3,1000,35539.7,16160,7,222
1781956095.75,4135.4,93.84,65.35,83.87,85.31,9857.2,117944.9,0.3,1000,35539.7,16160,7,222
1781956098.751,4138.4,94.82,63.0,83.07,85.05,9847.2,117954.9,0.3,1000,35539.7,16224,7,222
1781956101.751,4141.4,94.48,63.0,83.07,85.05,9930.4,117871.7,0.3,1000,35539.7,16224,11,222
1781956104.751,4144.4,93.81,61.72,82.47,84.84,9814.1,117988.1,0.3,1000,35539.7,16224,11,222
1781956107.751,4147.4,95.56,60.7,81.92,84.65,9853.2,117948.9,0.3,1000,35539.7,16160,11,222
1781956110.751,4150.4,95.18,60.7,81.92,84.65,9860.4,117941.8,0.3,1000,35539.7,16224,11,222
1781956113.751,4153.4,94.75,68.09,83.1,85.02,9818.4,117983.7,0.3,1000,35539.7,16224,9,221
1781956116.751,4156.4,93.71,68.09,83.1,85.02,9950.7,117851.4,0.3,1000,35539.7,16224,9,221
1781956119.751,4159.4,94.8,65.68,82.35,84.76,9921.3,117880.8,0.3,1000,35539.7,16288,9,221
1781956122.751,4162.4,93.2,64.75,81.88,84.6,9818.1,117984.1,0.3,1000,35539.7,16288,9,221
1781956125.751,4165.4,94.64,64.75,81.88,84.6,9846.8,117955.3,0.3,1000,35539.7,16352,7,221
1781956128.751,4168.4,94.32,66.29,81.91,84.59,9940.1,117862.0,0.3,1000,35539.7,16288,7,221
1781956131.751,4171.4,94.67,66.29,81.91,84.59,9856.6,117945.5,0.3,1000,35539.7,16224,7,221
1781956134.752,4174.4,93.77,65.46,81.48,84.44,9924.7,117877.5,0.3,1000,35539.7,16224,7,221
1781956137.752,4177.4,93.95,64.38,80.99,84.27,9907.5,117894.6,0.3,1000,35539.7,16352,10,222
1781956140.752,4180.4,94.41,64.38,80.99,84.27,9868.0,117934.1,0.3,1000,35539.7,16288,10,222
1781956143.752,4183.4,94.74,62.83,80.4,84.06,9793.2,118008.9,0.3,1000,35539.7,16288,10,222
1781956146.752,4186.4,95.43,62.83,80.4,84.06,9784.8,118017.3,0.3,1000,35539.7,16224,10,222
1781956149.752,4189.4,95.88,60.92,79.71,83.81,9894.7,117907.5,0.3,1000,35539.7,16224,10,222
1781956152.752,4192.4,94.77,60.45,79.3,83.66,9866.6,117935.5,0.3,1000,35539.7,16224,10,222
1781956155.752,4195.4,95.29,60.45,79.3,83.66,9891.0,117911.1,0.3,1000,35539.7,16224,10,222
1781956158.752,4198.4,95.11,58.81,78.64,83.42,9858.8,117943.3,0.3,1000,35539.7,16224,10,222
1781956161.753,4201.4,94.57,58.81,78.64,83.42,9897.0,117905.1,0.3,1000,35539.7,16160,7,222
1781956164.753,4204.4,94.63,57.38,78.02,83.2,9862.3,117939.8,0.3,1000,35539.7,16160,7,222
1781956167.753,4207.4,95.18,56.95,77.59,83.03,9878.2,117924.0,0.3,1000,35539.7,16160,7,222
1781956170.753,4210.4,93.21,56.95,77.59,83.03,9834.6,117967.5,0.3,1000,35539.7,16160,7,222
1781956173.753,4213.4,94.01,55.59,76.96,82.8,9855.5,117946.7,0.3,1000,35539.7,16288,7,222
1781956176.753,4216.4,94.85,55.59,76.96,82.8,9852.5,117949.6,0.3,1000,35539.7,16352,7,222
1781956179.759,4219.4,93.83,54.83,76.45,82.6,9866.2,117935.9,0.3,1000,35539.7,16480,7,222
1781956182.76,4222.4,92.93,53.4,75.79,82.35,9867.2,117934.9,0.3,1000,35539.7,16480,7,222
1781956185.76,4225.4,93.01,53.4,75.79,82.35,9893.2,117909.0,0.3,1000,35539.7,16544,10,222
1781956188.76,4228.4,94.57,52.25,75.18,82.12,9894.7,117907.5,0.3,1000,35539.7,16608,10,222
1781956191.76,4231.4,94.9,52.25,75.18,82.12,9847.5,117954.6,0.3,1000,35539.7,16800,10,222
1781956194.76,4234.4,94.7,55.43,75.46,82.17,9926.5,117875.6,0.3,1000,35539.7,16928,10,222
1781956197.761,4237.4,94.02,58.28,75.72,82.22,9839.6,117962.6,0.3,1000,35539.7,16928,8,222
1781956200.761,4240.4,93.84,58.28,75.72,82.22,9911.0,117891.1,0.3,1000,35539.7,17056,8,222
1781956203.761,4243.4,94.04,57.53,75.28,82.04,9848.9,117953.3,0.3,1000,35539.7,17056,8,222
1781956206.761,4246.4,93.22,57.53,75.28,82.04,9834.8,117967.3,0.3,1000,35539.7,17056,8,222
1781956209.761,4249.4,95.58,59.97,75.49,82.07,9873.6,117928.5,0.3,1000,35539.7,17056,8,222
1781956212.761,4252.4,92.46,59.9,75.21,81.95,9844.6,117957.5,0.3,1000,35539.7,17056,8,222
1781956215.761,4255.4,95.68,59.9,75.21,81.95,9823.2,117979.0,0.3,1000,35539.7,16992,8,222
1781956218.761,4258.4,95.33,60.87,75.16,81.9,9881.8,117920.8,0.3,1000,35539.7,16992,8,222
1781956221.761,4261.4,94.02,60.87,75.16,81.9,9845.9,117956.3,0.3,1000,35539.7,16992,11,223
1781956224.761,4264.4,94.17,76.89,78.25,82.86,9821.6,117980.5,0.3,1000,35539.7,16992,11,223
1781956227.762,4267.4,95.34,92.28,81.41,83.86,9762.1,118040.0,0.3,1000,35539.7,17120,11,223
1781956230.762,4270.4,93.96,92.28,81.41,83.86,9826.7,117975.5,0.3,1000,35539.7,17120,11,223
1781956233.762,4273.4,94.8,91.61,81.46,83.86,9817.8,117984.3,0.3,1000,35539.7,17184,7,223
1781956236.762,4276.4,94.34,91.61,81.46,83.86,9785.9,118016.2,0.3,1000,35539.7,17120,7,223
1781956239.762,4279.4,94.76,91.08,81.52,83.87,9863.6,117938.6,0.3,1000,35539.7,17184,7,223
1781956242.762,4282.4,95.63,86.91,80.81,83.63,9836.1,117966.0,0.3,1000,35539.7,17312,7,223
1781956245.762,4285.4,95.3,86.91,80.81,83.63,9854.3,117947.8,0.3,1000,35539.7,17312,11,223
1781956248.763,4288.4,93.6,83.24,80.15,83.4,9876.4,117925.7,0.3,1000,35539.7,17312,11,223
1781956251.763,4291.4,94.02,83.24,80.15,83.4,9846.7,117955.5,0.3,1000,35539.7,17248,11,223
1781956254.763,4294.4,95.34,83.38,80.23,83.41,9845.7,117956.4,0.3,1000,35539.7,17248,11,223
1781956257.763,4297.4,95.18,86.71,80.97,83.63,9887.5,117914.6,0.3,1000,35539.7,17184,6,223
1781956260.763,4300.4,93.65,86.71,80.97,83.63,9922.7,117879.4,0.3,1000,35539.7,17184,6,223
1781956263.763,4303.4,92.88,91.86,82.13,83.99,9822.2,117979.9,0.3,1000,35539.7,17248,6,223
1781956266.763,4306.4,94.57,91.86,82.13,83.99,9831.2,117971.0,0.3,1000,35539.7,17184,6,223
1781956269.764,4309.4,96.28,106.45,85.32,85.01,9825.5,117976.6,0.3,1000,35539.7,17120,6,223
1781956272.764,4312.4,93.95,106.57,85.7,85.14,9797.9,118004.2,0.3,1000,35539.7,17248,6,223
1781956275.764,4315.4,93.86,106.57,85.7,85.14,9812.4,117989.7,0.3,1000,35539.7,17184,6,223
1781956278.767,4318.4,95.13,101.4,84.97,84.9,9915.8,117886.3,0.3,1000,35539.7,17184,6,223
1781956281.77,4321.4,95.3,101.4,84.97,84.9,9917.9,117884.3,0.3,1000,35539.7,17248,12,223
1781956284.771,4324.4,94.4,98.24,84.59,84.78,9872.0,117930.2,0.3,1000,35539.7,17120,12,223
1781956287.771,4327.4,95.38,93.9,83.92,84.56,9826.0,117976.1,0.3,1000,35539.7,17120,12,223
1781956290.771,4330.4,94.71,93.9,83.92,84.56,9849.0,117953.1,0.3,1000,35539.7,17056,12,223
1781956293.771,4333.4,95.06,91.1,83.5,84.42,9855.3,117946.9,0.3,1000,35539.7,17056,7,223
1781956296.771,4336.4,94.59,91.1,83.5,84.42,9902.0,117900.1,0.3,1000,35539.7,17120,7,223
1781956299.772,4339.4,94.67,86.61,82.7,84.16,9885.5,117916.7,0.3,1000,35539.7,17120,7,223
1781956302.772,4342.4,94.09,117.15,89.09,86.22,9887.7,117914.5,0.3,1000,35539.7,17248,7,223
1781956305.773,4345.4,94.96,117.15,89.09,86.22,9821.8,117980.4,0.3,1000,35539.7,17120,10,223
1781956308.773,4348.4,96.31,113.3,88.76,86.13,9839.1,117963.0,0.3,1000,35539.7,16992,10,223
1781956311.773,4351.4,94.73,113.3,88.76,86.13,9838.3,117963.9,0.3,1000,35539.7,16992,10,223
1781956314.773,4354.4,95.42,114.47,89.41,86.35,9826.8,117975.3,0.3,1000,35539.7,16992,10,223
1781956317.773,4357.4,95.95,113.07,89.54,86.41,9823.1,117979.0,0.3,1000,35539.7,16992,6,224
1781956320.773,4360.4,96.62,113.07,89.54,86.41,9858.9,117943.3,0.3,1000,35539.7,17056,6,224
1781956323.773,4363.4,94.42,106.98,88.66,86.14,9764.0,118038.1,0.3,1000,35539.7,16992,6,224
1781956326.773,4366.4,95.19,106.98,88.66,86.14,9861.9,117940.2,0.3,1000,35539.7,17056,6,224
1781956329.774,4369.4,95.43,103.46,88.24,86.02,9836.0,117966.1,0.3,1000,35539.7,17056,6,224
1781956332.774,4372.4,94.63,102.3,88.25,86.04,9842.2,117960.0,0.3,1000,35539.7,17184,6,224
1781956335.774,4375.4,94.05,102.3,88.25,86.04,9824.0,117978.1,0.3,1000,35539.7,17120,6,224
1781956338.774,4378.4,93.07,107.16,89.49,86.45,9866.1,117936.0,0.3,1000,35539.7,17184,6,224
1781956341.774,4381.4,95.13,107.16,89.49,86.45,9846.6,117955.5,0.3,1000,35539.7,17184,9,223
1781956344.774,4384.4,97.19,102.66,88.85,86.26,9882.5,117919.6,0.3,1000,35539.7,17120,9,223
1781956347.774,4387.4,95.22,98.05,88.12,86.04,9875.2,117927.0,0.3,1000,35539.7,17120,9,223
1781956350.774,4390.4,94.62,98.05,88.12,86.04,9902.8,117899.3,0.3,1000,35539.7,17056,9,223
1781956353.774,4393.4,95.53,93.88,87.42,85.82,9874.5,117927.6,0.3,1000,35539.7,17056,8,223
1781956356.775,4396.4,94.62,93.88,87.42,85.82,9873.7,117928.4,0.3,1000,35539.7,16928,8,223
1781956359.775,4399.4,93.31,89.32,86.59,85.56,9811.6,117990.5,0.3,1000,35539.7,16864,8,223
1781956362.775,4402.4,93.55,86.25,86.0,85.37,9908.5,117893.6,0.3,1000,35539.7,16928,8,223
1781956365.775,4405.4,93.73,86.25,86.0,85.37,9942.1,117860.1,0.3,1000,35539.7,16992,10,224
1781956368.775,4408.4,93.57,87.76,86.31,85.48,9887.5,117914.6,0.3,1000,35539.7,16992,10,224
1781956371.776,4411.4,93.35,87.76,86.31,85.48,9860.2,117941.9,0.3,1000,35539.7,16928,10,224
1781956374.776,4414.4,93.19,84.41,85.64,85.27,9871.8,117930.4,0.3,1000,35539.7,16928,10,224
1781956377.776,4417.4,93.85,80.78,84.87,85.02,9844.8,117957.3,0.3,1000,35539.7,16928,7,224
1781956380.776,4420.4,93.49,80.78,84.87,85.02,9915.0,117887.1,0.3,1000,35539.7,16928,7,224
1781956383.776,4423.4,93.11,79.91,84.62,84.94,9912.6,117889.6,0.3,1000,35539.7,16928,7,224
1781956386.776,4426.4,92.54,79.91,84.62,84.94,9830.1,117972.1,0.3,1000,35539.7,16992,7,224
1781956389.776,4429.4,94.13,81.52,84.88,85.02,9886.3,117915.9,0.3,1000,35539.7,16928,7,224
1781956392.777,4432.4,93.43,80.92,84.7,84.96,9927.2,117875.0,0.3,1000,35539.7,16864,7,224
1781956395.777,4435.4,94.75,80.92,84.7,84.96,9888.1,117914.0,0.3,1000,35539.7,16928,7,224
1781956398.777,4438.4,93.94,82.29,84.92,85.03,9844.9,117957.3,0.3,1000,35539.7,16864,7,224
1781956401.779,4441.4,95.34,82.29,84.92,85.03,9843.9,117958.2,0.3,1000,35539.7,16864,10,224
1781956404.779,4444.4,94.46,80.34,84.47,84.88,9859.0,117943.2,0.3,1000,35539.7,16800,10,224
1781956407.779,4447.4,94.88,78.55,84.03,84.74,9829.3,117972.8,0.3,1000,35539.7,16864,10,224
1781956410.779,4450.4,95.27,78.55,84.03,84.74,9822.4,117979.7,0.3,1000,35539.7,16864,10,224
1781956413.779,4453.4,95.69,76.91,83.6,84.59,9881.5,117920.7,0.3,1000,35539.7,16864,7,224
1781956416.779,4456.4,95.5,76.91,83.6,84.59,9872.8,117929.4,0.3,1000,35539.7,16864,7,224
1781956419.779,4459.4,94.74,76.11,83.32,84.5,9927.6,117874.5,0.3,1000,35539.7,16544,7,224
1781956422.78,4462.4,94.72,78.43,83.68,84.61,9909.7,117892.5,0.3,1000,35539.7,16608,7,224
1781956425.78,4465.4,93.51,78.43,83.68,84.61,9894.2,117908.0,0.3,1000,35539.7,16672,11,224
1781956428.78,4468.4,94.17,75.67,83.02,84.39,9945.9,117856.2,0.3,1000,35539.7,16672,11,224
1781956431.781,4471.4,94.53,75.67,83.02,84.39,9934.7,117867.5,0.3,1000,35539.7,16672,11,224
1781956434.781,4474.4,94.91,74.17,82.59,84.24,9874.0,117928.2,0.3,1000,35539.7,16736,11,224
1781956437.782,4477.4,95.05,75.6,82.75,84.29,9946.6,117855.6,0.3,1000,35539.7,16864,9,224
1781956440.787,4480.4,92.98,75.6,82.75,84.29,9890.8,117911.4,0.3,1000,35539.7,16864,9,224
1781956443.791,4483.4,95.12,74.35,82.37,84.16,9928.5,117873.6,0.3,1000,35539.7,16864,9,224
1781956446.791,4486.4,94.86,74.35,82.37,84.16,9769.7,118032.4,0.3,1000,35539.7,16928,9,224
1781956449.791,4489.4,94.41,74.56,82.28,84.12,9836.8,117965.4,0.3,1000,35539.7,16992,9,224
1781956452.791,4492.4,92.21,74.28,82.09,84.05,9832.7,117969.5,0.3,1000,35539.7,16928,9,224
1781956455.791,4495.4,94.64,74.28,82.09,84.05,9926.3,117875.8,0.3,1000,35539.7,17056,9,224
1781956458.791,4498.4,92.93,80.98,83.35,84.44,9878.3,117923.9,0.3,1000,35539.7,17056,9,224
1781956461.791,4501.4,90.81,80.98,83.35,84.44,9878.2,117924.0,0.3,1000,35539.7,17056,10,224
1781956464.791,4504.4,94.65,79.94,83.1,84.36,9906.2,117896.0,0.3,1000,35539.7,17184,10,224
1781956467.791,4507.4,94.42,78.99,82.85,84.27,9929.4,117872.8,0.3,1000,35539.7,17248,10,224
1781956470.792,4510.4,95.81,78.99,82.85,84.27,9895.2,117907.0,0.3,1000,35539.7,17312,10,224
1781956473.792,4513.4,93.24,75.95,82.15,84.04,9864.0,117938.2,0.3,1000,35539.7,17376,7,225
1781956476.792,4516.4,92.97,75.95,82.15,84.04,9834.7,117967.5,0.3,1000,35539.7,17312,7,225
1781956479.792,4519.4,94.76,74.67,81.78,83.91,9905.8,117896.4,0.3,1000,35539.7,17504,7,225
1781956482.793,4522.4,95.51,74.29,81.59,83.83,9927.5,117874.7,0.3,1000,35539.7,17504,7,225
1781956485.793,4525.4,94.41,74.29,81.59,83.83,9910.5,117891.7,0.3,1000,35539.7,17504,12,225
1781956488.794,4528.4,95.58,71.47,80.88,83.59,9843.4,117958.8,0.3,1000,35539.7,17504,12,225
1781956491.794,4531.4,95.5,71.47,80.88,83.59,9869.7,117932.5,0.3,1000,35539.7,17568,12,225
1781956494.794,4534.4,95.42,69.75,80.37,83.41,9908.0,117894.1,0.3,1000,35539.7,17504,12,225
1781956497.795,4537.4,96.28,87.95,83.96,84.56,9900.9,117901.2,0.3,1000,35539.7,17504,7,225
1781956500.795,4540.4,96.12,87.95,83.96,84.56,9831.3,117970.8,0.3,1000,35539.7,17504,7,225
1781956503.798,4543.4,93.57,89.39,84.33,84.67,9891.7,117910.4,0.3,1000,35539.7,17504,7,225
1781956506.802,4546.4,95.08,89.39,84.33,84.67,9894.9,117907.3,0.3,1000,35539.7,17568,7,225
1781956509.802,4549.4,95.66,85.12,83.53,84.41,9846.0,117956.1,0.3,1000,35539.7,17504,7,225
1781956512.802,4552.4,95.92,88.23,84.2,84.62,9829.3,117972.9,0.3,1000,35539.7,17312,7,225
1781956515.803,4555.4,94.92,88.23,84.2,84.62,9855.3,117946.8,0.3,1000,35539.7,17312,7,225
1781956518.803,4558.4,94.15,84.77,83.55,84.41,9909.2,117892.9,0.3,1000,35539.7,17184,7,225
1781956521.806,4561.4,94.28,84.77,83.55,84.41,9879.1,117923.1,0.3,1000,35539.7,17184,11,225
1781956524.806,4564.4,95.15,88.31,84.3,84.65,9904.9,117897.2,0.3,1000,35539.7,17120,11,225
1781956527.806,4567.4,94.29,87.64,84.23,84.62,9867.1,117935.1,0.3,1000,35539.7,17056,11,225
1781956530.806,4570.4,96.24,87.64,84.23,84.62,9888.7,117913.5,0.3,1000,35539.7,16928,11,225
1781956533.806,4573.4,96.5,90.4,84.86,84.83,9914.6,117887.5,0.3,1000,35539.7,16864,8,225
1781956536.807,4576.4,94.19,90.4,84.86,84.83,9912.9,117889.3,0.3,1000,35539.7,16800,8,225
1781956539.807,4579.4,93.78,91.81,85.24,84.95,9866.0,117936.2,0.3,1000,35539.7,16928,8,225
1781956542.807,4582.4,94.75,106.64,88.43,85.98,9844.6,117957.5,0.3,1000,35539.7,16928,8,225
1781956545.807,4585.4,94.72,106.64,88.43,85.98,9869.6,117932.6,0.3,1000,35539.7,16928,8,225
1781956548.808,4588.4,94.27,102.02,87.77,85.78,9872.7,117929.5,0.3,1000,35539.7,16864,8,225
1781956551.808,4591.4,95.3,102.02,87.77,85.78,9842.7,117959.4,0.3,1000,35539.7,16864,8,225
1781956554.808,4594.4,96.2,96.97,86.96,85.53,9841.7,117960.5,0.3,1000,35539.7,16800,8,225
1781956557.808,4597.4,95.93,94.25,86.57,85.41,9880.1,117922.0,0.3,1000,35539.7,16736,9,225
1781956560.808,4600.4,95.89,94.25,86.57,85.41,9861.5,117940.6,0.3,1000,35539.7,16928,9,225
1781956563.808,4603.4,95.68,89.99,85.81,85.17,9867.9,117934.2,0.3,1000,35539.7,16928,9,225
1781956566.808,4606.4,94.69,89.99,85.81,85.17,9884.5,117917.7,0.3,1000,35539.7,16992,9,225
1781956569.808,4609.4,95.3,87.43,85.35,85.03,9854.2,117948.0,0.3,1000,35539.7,16992,9,225
1781956572.808,4612.4,94.26,84.27,84.73,84.83,9906.5,117895.7,0.3,1000,35539.7,17120,9,225
1781956575.809,4615.4,94.13,84.27,84.73,84.83,9866.4,117935.7,0.3,1000,35539.7,17056,9,225
1781956578.809,4618.4,96.97,81.2,84.08,84.62,9882.7,117919.5,0.3,1000,35539.7,17056,9,225
1781956581.813,4621.4,95.27,81.2,84.08,84.62,9869.7,117932.4,0.3,1000,35539.7,17056,6,225
1781956584.813,4624.4,95.65,111.54,90.32,86.63,9880.1,117922.1,0.3,1000,35539.7,16992,6,225
1781956587.813,4627.4,94.22,109.57,90.27,86.64,9855.6,117946.5,0.3,1000,35539.7,16928,6,225
1781956590.813,4630.4,95.89,109.57,90.27,86.64,9835.3,117966.8,0.3,1000,35539.7,16992,6,225
1781956593.813,4633.4,94.98,114.57,91.63,87.1,9885.3,117916.9,0.3,1000,35539.7,16992,13,225
1781956596.818,4636.5,94.08,114.57,91.63,87.1,9882.1,117920.1,0.3,1000,35539.7,17056,13,225
1781956599.818,4639.5,93.97,110.2,91.1,86.95,9871.1,117931.0,0.3,1000,35539.7,16992,13,225
1781956602.818,4642.5,95.38,105.38,90.42,86.75,9837.0,117965.2,0.3,1000,35539.7,16992,13,225
1781956605.818,4645.5,94.44,105.38,90.42,86.75,9896.5,117905.6,0.3,1000,35539.7,16928,10,226
1781956608.819,4648.5,93.49,107.27,91.06,86.98,9968.8,117833.4,0.3,1000,35539.7,16992,10,226
1781956611.819,4651.5,94.64,107.27,91.06,86.98,9958.2,117843.9,0.3,1000,35539.7,16992,10,226
1781956614.819,4654.5,94.71,105.25,90.91,86.95,9961.6,117840.5,0.3,1000,35539.7,16992,10,226
1781956617.819,4657.5,93.58,101.06,90.28,86.77,9932.3,117869.9,0.3,1000,35539.7,16992,9,226
1781956620.819,4660.5,94.75,101.06,90.28,86.77,9911.4,117890.8,0.3,1000,35539.7,16928,9,226
1781956623.822,4663.5,94.03,112.59,92.85,87.62,9924.9,117877.3,0.3,1000,35539.7,16928,9,226
1781956626.822,4666.5,94.76,112.59,92.85,87.62,9857.3,117944.9,0.3,1000,35539.7,16928,9,226
1781956629.823,4669.5,95.03,109.5,92.53,87.54,9906.1,117896.1,0.3,1000,35539.7,16928,9,226
1781956632.823,4672.5,93.97,105.54,91.99,87.4,9870.6,117931.6,0.3,1000,35539.7,16800,9,226
1781956635.823,4675.5,94.49,105.54,91.99,87.4,9816.9,117985.2,0.3,1000,35539.7,16800,9,226
1781956638.823,4678.5,94.85,100.05,91.08,87.13,9851.2,117951.0,0.3,1000,35539.7,16800,9,226
1781956641.823,4681.5,94.59,100.05,91.08,87.13,9848.8,117953.4,0.3,1000,35539.7,16800,7,226
1781956644.823,4684.5,95.31,96.04,90.4,86.93,9863.8,117938.4,0.3,1000,35539.7,16800,7,226
1781956647.823,4687.5,95.44,104.2,92.19,87.52,9857.8,117944.4,0.3,1000,35539.7,16736,7,226
1781956650.823,4690.5,95.39,104.2,92.19,87.52,9894.9,117907.2,0.3,1000,35539.7,16736,7,226
1781956653.824,4693.5,95.39,101.15,91.75,87.41,9840.0,117962.2,0.3,1000,35539.7,16736,12,226
1781956656.824,4696.5,96.66,101.15,91.75,87.41,9859.3,117942.8,0.3,1000,35539.7,16800,12,226
1781956659.824,4699.5,95.12,99.93,91.65,87.4,9860.9,117941.2,0.3,1000,35539.7,16800,12,226
1781956662.824,4702.5,94.95,109.87,93.85,88.13,9840.2,117961.9,0.3,1000,35539.7,16736,12,226
1781956665.824,4705.5,95.75,109.87,93.85,88.13,9817.4,117984.8,0.3,1000,35539.7,16736,10,226
1781956668.824,4708.5,95.79,133.42,99.0,89.83,9815.9,117986.2,0.3,1000,35539.7,16672,10,226
1781956671.828,4711.5,96.07,133.42,99.0,89.83,9816.5,117985.6,0.3,1000,35539.7,16672,10,226
1781956674.828,4714.5,94.55,134.27,99.75,90.12,9821.2,117981.0,0.3,1000,35539.7,16672,10,226
1781956677.828,4717.5,96.25,126.4,98.69,89.83,9867.1,117935.0,0.3,1000,35539.7,16416,8,226
1781956680.828,4720.5,95.74,126.4,98.69,89.83,9862.9,117939.3,0.3,1000,35539.7,16416,8,226
1781956683.828,4723.5,95.93,119.48,97.72,89.56,9824.8,117977.3,0.3,1000,35539.7,16480,8,226
1781956686.829,4726.5,95.82,119.48,97.72,89.56,9805.3,117996.9,0.3,1000,35539.7,16480,8,226
1781956689.829,4729.5,94.63,114.24,96.99,89.37,9893.8,117908.4,0.3,1000,35539.7,16480,8,226
1781956692.829,4732.5,94.89,113.18,97.06,89.43,9889.5,117912.7,0.3,1000,35539.7,16544,8,226
1781956695.834,4735.5,94.67,113.18,97.06,89.43,9810.4,117991.8,0.3,1000,35539.7,16672,8,226
1781956698.834,4738.5,93.99,107.32,96.11,89.17,9826.4,117975.8,0.3,1000,35539.7,16736,8,226
1781956701.834,4741.5,95.75,107.32,96.11,89.17,9784.3,118017.9,0.3,1000,35539.7,16800,11,226
1781956704.834,4744.5,95.71,102.49,95.29,88.94,9800.9,118001.3,0.3,1000,35539.7,16864,11,226
1781956707.834,4747.5,94.14,99.32,94.76,88.8,9889.2,117913.0,0.3,1000,35539.7,16928,11,226
1781956710.835,4750.5,93.86,99.32,94.76,88.8,9954.1,117848.1,0.3,1000,35539.7,17056,11,226
1781956713.835,4753.5,94.47,96.42,94.23,88.66,9951.5,117850.7,0.3,1000,35539.7,17056,8,226
1781956716.839,4756.5,94.46,96.42,94.23,88.66,9997.6,117804.6,0.3,1000,35539.7,17056,8,226
1781956719.839,4759.5,93.0,94.78,93.93,88.59,9843.8,117958.4,0.3,1000,35539.7,16992,8,226
1781956722.839,4762.5,93.18,92.0,93.36,88.44,9877.3,117924.9,0.3,1000,35539.7,16992,8,226
1781956725.839,4765.5,95.12,92.0,93.36,88.44,9848.2,117954.0,0.3,1000,35539.7,17056,7,226
1781956728.84,4768.5,93.63,87.83,92.48,88.18,9841.0,117961.1,0.3,1000,35539.7,17120,7,226
1781956731.84,4771.5,95.5,87.83,92.48,88.18,9835.0,117967.2,0.3,1000,35539.7,17184,7,226
1781956734.84,4774.5,94.32,84.08,91.62,87.93,9873.5,117928.7,0.3,1000,35539.7,17120,7,226
1781956737.84,4777.5,95.4,81.43,90.95,87.73,9892.8,117909.3,0.3,1000,35539.7,17120,7,226
1781956740.84,4780.5,94.99,81.43,90.95,87.73,9872.3,117929.8,0.3,1000,35539.7,17056,7,226
1781956743.84,4783.5,96.18,82.92,91.1,87.79,9853.5,117948.7,0.3,1000,35539.7,17056,7,226
1781956746.84,4786.5,96.03,82.92,91.1,87.79,9897.4,117904.7,0.3,1000,35539.7,17056,7,226
1781956749.84,4789.5,95.87,83.25,91.03,87.79,9886.4,117915.8,0.3,1000,35539.7,17120,7,226
1781956752.84,4792.5,95.37,82.5,90.75,87.72,9816.6,117985.6,0.3,1000,35539.7,17120,7,226
1781956755.841,4795.5,95.42,82.5,90.75,87.72,9845.6,117956.5,0.3,1000,35539.7,17056,7,226
1781956758.841,4798.5,96.08,80.78,90.25,87.57,9840.6,117961.6,0.3,1000,35539.7,16928,7,226
1781956761.841,4801.5,91.52,80.78,90.25,87.57,9935.0,117867.2,0.3,1000,35539.7,16864,11,226
1781956764.841,4804.5,92.76,78.48,89.62,87.38,9883.9,117918.3,0.3,1000,35539.7,16800,11,226
1781956767.841,4807.5,93.17,76.52,89.03,87.2,9883.9,117918.2,0.3,1000,35539.7,16864,11,226
1781956770.841,4810.5,94.78,76.52,89.03,87.2,9936.4,117865.7,0.3,1000,35539.7,16864,11,226
1781956773.841,4813.5,93.45,73.35,88.16,86.93,9906.2,117896.0,0.3,1000,35539.7,16864,11,226
1781956776.841,4816.5,93.23,73.35,88.16,86.93,9865.1,117937.1,0.3,1000,35539.7,16800,11,226
1781956779.842,4819.5,93.45,74.77,88.21,86.95,9866.2,117936.0,0.3,1000,35539.7,16800,11,226
1781956782.842,4822.5,94.74,77.27,88.5,87.06,9885.7,117916.4,0.3,1000,35539.7,16928,11,226
1781956785.842,4825.5,95.12,77.27,88.5,87.06,9877.4,117924.8,0.3,1000,35539.7,16928,9,226
1781956788.842,4828.5,93.83,74.36,87.72,86.81,9885.1,117917.1,0.3,1000,35539.7,16992,9,226
1781956791.842,4831.5,95.04,74.36,87.72,86.81,9875.5,117926.6,0.3,1000,35539.7,16992,9,226
1781956794.842,4834.5,94.48,73.77,87.37,86.7,9839.4,117962.8,0.3,1000,35539.7,16992,9,226
1781956797.842,4837.5,95.49,71.87,86.75,86.5,9826.5,117975.7,0.3,1000,35539.7,16928,9,226
1781956800.844,4840.5,96.17,71.87,86.75,86.5,9857.5,117944.7,0.3,1000,35539.7,16992,9,226
1781956803.844,4843.5,95.14,69.96,86.11,86.3,9857.6,117944.6,0.3,1000,35539.7,16992,9,226
1781956806.844,4846.5,94.59,69.96,86.11,86.3,9860.1,117942.1,0.3,1000,35539.7,16992,9,226
1781956809.844,4849.5,93.84,67.4,85.31,86.04,9877.1,117925.1,0.3,1000,35539.7,16992,9,226
1781956812.844,4852.5,93.99,65.04,84.52,85.78,9868.4,117933.8,0.3,1000,35539.7,16992,9,226
1781956815.844,4855.5,94.2,65.04,84.52,85.78,9857.9,117944.3,0.3,1000,35539.7,16928,9,226
1781956818.845,4858.5,95.78,63.36,83.85,85.55,9861.4,117940.8,0.3,1000,35539.7,16864,9,226
1781956821.845,4861.5,94.37,63.36,83.85,85.55,9840.5,117961.7,0.3,1000,35539.7,16864,6,226
1781956824.845,4864.5,95.27,78.38,86.63,86.44,9849.8,117952.4,0.3,1000,35539.7,16864,6,226
1781956827.845,4867.5,95.59,76.59,86.12,86.28,9860.4,117941.8,0.3,1000,35539.7,16800,6,226
1781956830.845,4870.5,96.33,76.59,86.12,86.28,9834.5,117967.7,0.3,1000,35539.7,16864,6,226
1781956833.845,4873.5,95.69,79.51,86.56,86.42,9845.2,117957.0,0.3,1000,35539.7,16864,9,226
1781956836.845,4876.5,95.54,79.51,86.56,86.42,9812.7,117989.5,0.3,1000,35539.7,16928,9,226
1781956839.845,4879.5,95.92,82.35,87.04,86.58,9907.8,117894.4,0.3,1000,35539.7,16864,9,226
1781956842.846,4882.5,94.98,81.92,86.87,86.52,9841.7,117960.5,0.3,1000,35539.7,16928,9,226
1781956845.846,4885.5,94.69,81.92,86.87,86.52,9916.9,117885.3,0.3,1000,35539.7,16928,8,226
1781956848.846,4888.5,94.41,88.41,88.13,86.94,9838.9,117963.3,0.3,1000,35539.7,17056,8,226
1781956851.846,4891.5,93.77,88.41,88.13,86.94,9809.9,117992.3,0.3,1000,35539.7,17056,8,226
1781956854.846,4894.5,94.3,85.66,87.57,86.76,9810.4,117991.7,0.3,987,33934.2,16736,8,226
1781956857.846,4897.5,93.91,82.0,86.78,86.51,8982.7,118819.3,0.3,225,7603.4,10656,11,226
1781956860.846,4900.5,98.42,82.0,86.78,86.51,8886.3,118914.7,0.3,0,0.0,8608,11,226
1781956863.846,4903.5,98.35,78.4,85.95,86.24,8947.2,118853.8,0.3,0,0.0,8416,11,226
1781956866.846,4906.5,96.76,78.4,85.95,86.24,8918.1,118882.9,0.3,0,0.0,8416,11,226
1781956869.846,4909.5,97.67,75.08,85.14,85.98,8947.0,118853.9,0.3,0,0.0,8352,11,226
1781956872.847,4912.5,97.95,72.43,84.42,85.74,9039.3,118761.7,0.3,0,0.0,8352,11,226
1781956875.847,4915.5,98.11,72.43,84.42,85.74,9004.4,118796.6,0.3,0,0.0,8288,11,226
1781956878.847,4918.5,97.44,69.6,83.63,85.48,8961.4,118839.6,0.3,0,0.0,8352,11,226
1781956881.847,4921.5,98.05,69.6,83.63,85.48,9038.8,118762.1,0.3,0,0.0,8352,9,226
1781956884.847,4924.5,98.2,66.66,82.79,85.2,8968.5,118832.5,0.3,0,0.0,7840,9,226
1781956887.847,4927.5,98.03,64.21,82.01,84.93,8947.4,118853.6,0.3,0,0.0,7840,9,226
1781956890.851,4930.5,98.47,64.21,82.01,84.93,9004.9,118796.1,0.3,0,0.0,7840,9,226
1781956893.851,4933.5,98.21,62.19,81.3,84.68,8936.1,118864.9,0.3,0,0.0,7840,11,226
1781956896.851,4936.5,97.97,62.19,81.3,84.68,8956.1,118844.9,0.3,0,0.0,7840,11,226
1781956899.853,4939.5,98.97,60.57,80.65,84.45,9031.8,118769.2,0.3,0,0.0,7712,11,226
1781956902.853,4942.5,98.18,59.09,80.01,84.23,9010.9,118790.0,0.3,0,0.0,7648,11,226
1781956905.853,4945.5,98.27,59.09,80.01,84.23,8943.8,118857.1,0.3,0,0.0,7648,7,226
1781956908.853,4948.5,98.45,57.24,79.27,83.97,9038.2,118762.8,0.3,0,0.0,7648,7,226
1781956911.854,4951.5,98.83,57.24,79.27,83.97,9006.4,118794.5,0.3,0,0.0,7712,7,226
1781956914.854,4954.5,98.6,55.3,78.51,83.69,8965.6,118835.4,0.3,0,0.0,7648,7,226
1781956917.854,4957.5,98.66,53.83,77.82,83.44,9007.3,118793.6,0.3,0,0.0,7648,8,228
1781956920.854,4960.5,98.06,53.83,77.82,83.44,9022.0,118778.9,0.3,0,0.0,7648,8,228
1781956923.855,4963.5,98.67,52.16,77.07,83.17,8980.1,118820.8,0.3,0,0.0,7648,8,228
1781956926.855,4966.5,98.63,52.16,77.07,83.17,9017.4,118783.5,0.3,0,0.0,7648,8,228
1781956929.855,4969.5,98.09,50.95,76.41,82.92,8981.2,118819.7,0.3,0,0.0,7712,8,228
1781956932.855,4972.5,98.2,50.47,75.89,82.72,9065.4,118735.5,0.3,0,0.0,7648,8,228
1781956935.855,4975.5,98.18,50.47,75.89,82.72,8994.3,118806.5,0.3,0,0.0,7712,8,228
1781956938.856,4978.5,98.28,49.15,75.19,82.46,9006.4,118794.4,0.3,0,0.0,7712,8,228
1781956941.856,4981.5,98.81,49.15,75.19,82.46,8909.2,118891.7,0.3,0,0.0,7712,5,228
1781956944.856,4984.5,97.81,48.18,74.56,82.21,9005.2,118795.7,0.3,0,0.0,7776,5,228
1781956947.856,4987.5,98.24,47.44,73.96,81.98,8934.6,118866.3,0.3,0,0.0,7776,5,228
1781956950.856,4990.5,97.73,47.44,73.96,81.98,8985.1,118815.7,0.3,0,0.0,7648,5,228
1781956953.856,4993.5,98.19,45.97,73.22,81.7,8991.8,118809.0,0.3,0,0.0,7520,8,228
1781956956.856,4996.5,98.21,45.97,73.22,81.7,9005.0,118795.8,0.3,0,0.0,7584,8,228
1781956959.856,4999.5,98.29,45.25,72.62,81.45,8961.2,118839.6,0.3,0,0.0,7584,8,228
1781956962.858,5002.5,97.94,44.83,72.08,81.23,9056.6,118744.2,0.3,0,0.0,7584,8,228
1781956965.858,5005.5,98.32,44.83,72.08,81.23,9001.7,118799.1,0.3,0,0.0,7584,8,224
1781956968.858,5008.5,98.75,44.04,71.46,80.98,8975.2,118825.5,0.3,0,0.0,7648,8,224
1781956971.858,5011.5,98.42,44.04,71.46,80.98,8954.8,118845.9,0.3,0,0.0,7648,8,224
1781956974.858,5014.5,97.97,45.0,71.2,80.85,9056.0,118744.7,0.3,0,0.0,7584,8,224
1781956977.859,5017.5,97.3,44.12,70.58,80.6,8999.1,118801.7,0.3,0,0.0,7584,10,224
1781956980.859,5020.5,97.79,44.12,70.58,80.6,9004.4,118796.4,0.3,0,0.0,7520,10,224
1781956983.859,5023.5,98.52,43.39,69.99,80.35,9007.5,118793.2,0.3,0,0.0,7520,10,224
1781956986.859,5026.5,98.12,43.39,69.99,80.35,8972.4,118828.3,0.3,0,0.0,7648,10,224
1781956989.859,5029.5,99.15,42.87,69.45,80.12,8964.5,118836.3,0.3,0,0.0,7520,10,224
1781956992.859,5032.5,98.73,42.32,68.89,79.88,8971.3,118829.5,0.3,0,0.0,7456,10,224
1781956995.864,5035.5,99.27,42.32,68.89,79.88,8985.1,118815.6,0.3,0,0.0,7392,10,224
1781956998.866,5038.5,97.84,41.98,68.38,79.66,8982.3,118818.4,0.3,0,0.0,7520,10,224
1781957001.866,5041.5,98.54,41.98,68.38,79.66,9028.7,118772.0,0.3,0,0.0,7520,6,224
1781957004.866,5044.5,99.11,41.66,67.87,79.43,9006.8,118793.9,0.3,0,0.0,7584,6,224
1781957007.866,5047.5,99.03,41.2,67.34,79.2,8942.1,118858.6,0.3,0,0.0,7520,6,224
1781957010.866,5050.5,98.69,41.2,67.34,79.2,8946.2,118854.5,0.3,0,0.0,7520,6,224
1781957013.867,5053.5,98.45,40.87,66.84,78.97,8995.5,118805.2,0.3,0,0.0,7520,6,226
1781957016.867,5056.5,98.57,40.87,66.84,78.97,8953.0,118847.8,0.3,0,0.0,7584,6,226
1781957019.867,5059.5,98.94,41.2,66.48,78.79,8923.6,118877.2,0.3,0,0.0,7584,6,226
1781957022.867,5062.5,98.21,40.54,65.92,78.54,8984.5,118816.3,0.3,0,0.0,7584,6,226
1781957025.867,5065.5,98.79,40.54,65.92,78.54,8948.1,118852.7,0.3,0,0.0,7648,6,226
1781957028.867,5068.5,98.86,40.18,65.42,78.31,8993.5,118807.3,0.3,0,0.0,7584,6,226
1781957031.867,5071.5,99.17,40.18,65.42,78.31,9009.7,118791.1,0.3,0,0.0,7584,6,226
1781957034.867,5074.5,98.35,39.68,64.9,78.08,8939.3,118861.4,0.3,0,0.0,7520,6,226
1781957037.869,5077.5,97.63,39.23,64.39,77.84,9017.5,118783.3,0.3,0,0.0,7584,7,226
1781957040.869,5080.5,98.16,39.23,64.39,77.84,8992.2,118808.6,0.3,0,0.0,7584,7,226
1781957043.869,5083.5,98.64,38.97,63.92,77.61,9012.7,118788.0,0.3,0,0.0,7584,7,226
1781957046.874,5086.5,98.86,38.97,63.92,77.61,8936.1,118864.7,0.3,0,0.0,7584,7,226
1781957049.877,5089.5,98.61,38.97,63.5,77.41,8993.5,118807.2,0.3,0,0.0,7456,7,226
1781957052.877,5092.5,97.87,38.73,63.05,77.18,9006.8,118794.0,0.3,0,0.0,7456,7,226
1781957055.877,5095.5,98.55,38.73,63.05,77.18,9009.5,118791.2,0.3,0,0.0,7392,7,226
1781957058.879,5098.5,98.72,38.43,62.58,76.96,8976.0,118824.7,0.3,0,0.0,7392,7,226
1781957061.879,5101.5,99.43,38.43,62.58,76.96,8906.1,118894.6,0.3,0,0.0,7328,7,226
1781957064.879,5104.5,98.9,38.0,62.09,76.72,8972.9,118827.8,0.3,0,0.0,7328,7,226
1781957067.879,5107.5,98.05,37.76,61.64,76.5,8958.4,118842.4,0.3,0,0.0,7392,7,226
1781957070.879,5110.5,97.91,37.76,61.64,76.5,8953.6,118847.1,0.3,0,0.0,7456,7,226
1781957073.88,5113.5,98.59,37.78,61.25,76.29,9031.1,118769.6,0.3,0,0.0,7392,8,226
1781957076.88,5116.5,98.29,37.78,61.25,76.29,8957.8,118843.0,0.3,0,0.0,7200,8,226
1781957079.88,5119.5,98.37,37.88,60.88,76.09,8985.0,118815.8,0.3,0,0.0,7328,8,226
1781957082.882,5122.5,98.91,37.65,60.45,75.87,8938.1,118862.7,0.3,0,0.0,7328,8,226
1781957085.882,5125.5,98.93,37.65,60.45,75.87,8929.3,118871.4,0.3,0,0.0,7264,11,226
1781957088.882,5128.5,98.83,37.35,60.01,75.64,8939.0,118861.7,0.3,0,0.0,7264,11,226
1781957091.882,5131.5,99.32,37.35,60.01,75.64,8905.3,118895.5,0.3,0,0.0,7264,11,226
1781957094.884,5134.5,99.04,37.49,59.66,75.45,8955.9,118844.8,0.3,0,0.0,7264,11,226
1781957097.884,5137.5,99.29,37.53,59.3,75.25,9033.4,118767.3,0.3,0,0.0,7392,7,226
1781957100.884,5140.5,99.29,37.53,59.3,75.25,9023.8,118776.9,0.3,0,0.0,7328,7,226
1781957103.884,5143.5,98.44,37.16,58.86,75.02,8963.7,118837.1,0.3,0,0.0,7200,7,226
1781957106.885,5146.5,98.83,37.16,58.86,75.02,8262.7,118976.9,0.3,0,0.0,7328,7,226
1781957109.885,5149.5,99.06,36.91,58.45,74.8,7877.8,119037.4,0.3,0,0.0,7264,7,226
1781957112.885,5152.5,99.21,36.84,58.08,74.59,7851.2,119063.9,0.3,0,0.0,7264,7,226
1781957115.885,5155.5,98.86,36.84,58.08,74.59,7842.2,119072.9,0.3,0,0.0,7200,7,226
1781957118.886,5158.5,98.57,36.53,57.66,74.37,7868.0,119047.2,0.3,0,0.0,7200,7,226
1781957121.886,5161.5,99.0,36.53,57.66,74.37,7867.1,119048.1,0.3,0,0.0,7264,7,226
